"NAME","neg1825000_neg2975000","75000_neg2525000","625000_neg3475000","neg1425000_neg3225000","1775000_neg3725000","neg1425000_neg3475000","neg1225000_neg3775000","neg1425000_neg3275000","1225000_neg1275000","neg1175000_neg3275000","neg1075000_neg2825000","neg1075000_neg2375000","rwibald_type"
"Axis_0","-1825000","   75000","  625000","-1425000"," 1775000","-1425000","-1225000","-1425000"," 1225000","-1175000","-1075000","-1075000","other"
"Axis_1","-2975000","-2525000","-3475000","-3225000","-3725000","-3475000","-3775000","-3275000","-1275000","-3275000","-2825000","-2375000","other"
"CANAPE_CODE","1","2","3","3","1","2","3","3","1","2","3","3","other"
"MIXED","0","0","1","1","0","0","1","1","0","0","1","1","other"
"NEO","1","0","0","0","1","0","0","0","1","0","0","0","other"
"PALAEO","0","1","0","0","0","1","0","0","0","1","0","0","other"
"1___",NA,"0.0001357015",NA,NA,NA,NA,NA,NA,NA,NA,NA,NA,"other"
"2___",NA,"5.554991e-05",NA,NA,NA,NA,NA,NA,NA,NA,NA,NA,"other"
"3___",NA,"-6.165437e-05",NA,NA,NA,NA,NA,NA,NA,NA,NA,NA,"other"
"4___",NA,"-3.220634e-06",NA,NA,NA,"-3.220634e-06",NA,NA,NA,NA,NA,NA,"other"
"5___",NA,NA,NA,NA,NA,NA,NA,NA,NA,NA,NA,NA,"other"
"6___",NA,"5.244493e-05",NA,NA,NA,NA,NA,NA,NA,NA,NA,NA,"other"
"7___",NA,"-4.174294e-06",NA,NA,NA,NA,NA,NA,NA,NA,NA,NA,"other"
"8___",NA,"-2.878899e-05",NA,NA,NA,NA,NA,NA,NA,NA,NA,NA,"other"
"9___",NA,NA,NA,NA,NA,NA,NA,NA,NA,NA,NA,NA,"other"
"10___",NA,NA,NA,NA,NA,NA,NA,NA,NA,NA,NA,NA,"other"
"11___",NA,NA,NA,NA,NA,NA,NA,NA,NA,NA,NA,NA,"other"
"12___",NA,"-2.377112e-06","-2.377112e-06","-2.377112e-06",NA,NA,NA,"-2.377112e-06",NA,NA,NA,NA,"other"
"13___",NA,"-7.45649e-06","-7.45649e-06","-7.45649e-06",NA,"-7.45649e-06",NA,"-7.45649e-06",NA,NA,NA,NA,"other"
"14___",NA,"-7.090249e-06","-7.090249e-06","-7.090249e-06",NA,"-7.090249e-06",NA,"-7.090249e-06",NA,NA,NA,NA,"other"
"15___",NA,"1.407641e-05","1.407641e-05","1.407641e-05",NA,"1.407641e-05",NA,"1.407641e-05",NA,NA,NA,NA,"other"
"16___",NA,NA,NA,NA,NA,"2.486645e-05","2.486645e-05",NA,NA,NA,NA,NA,"other"
"17___",NA,NA,NA,NA,NA,"2.713862e-05","2.713862e-05",NA,NA,NA,NA,NA,"other"
"18___",NA,NA,NA,NA,NA,NA,NA,NA,NA,NA,NA,NA,"other"
"19___",NA,NA,NA,"-3.70757e-05",NA,NA,NA,"-3.70757e-05",NA,NA,NA,NA,"other"
"20___",NA,NA,NA,NA,NA,NA,NA,NA,NA,NA,NA,NA,"other"
"21___",NA,NA,NA,NA,NA,NA,NA,NA,NA,NA,NA,NA,"other"
"22___",NA,NA,NA,NA,NA,NA,NA,NA,NA,NA,NA,NA,"other"
"23___",NA,"9.202372e-05",NA,NA,NA,NA,NA,NA,NA,NA,NA,NA,"other"
"24___",NA,"-1.204457e-05",NA,NA,NA,NA,NA,NA,NA,NA,NA,NA,"other"
"25___",NA,"-1.431033e-05",NA,NA,NA,NA,NA,NA,NA,NA,NA,NA,"other"
"26___",NA,"-1.403215e-05",NA,NA,NA,NA,NA,"-1.403215e-05",NA,"-1.403215e-05",NA,NA,"other"
"27___",NA,"1.812889e-06",NA,NA,NA,NA,NA,"1.812889e-06",NA,"1.812889e-06",NA,NA,"other"
"28___",NA,"1.158914e-05",NA,"1.158914e-05",NA,NA,NA,"1.158914e-05",NA,"1.158914e-05",NA,NA,"other"
"29___",NA,NA,"-3.762008e-06",NA,"-3.762008e-06",NA,NA,NA,NA,NA,NA,NA,"other"
"30___",NA,NA,"0.000147712",NA,NA,NA,NA,NA,NA,NA,NA,NA,"other"
"31___",NA,NA,"3.137889e-05",NA,"3.137889e-05",NA,NA,NA,NA,NA,NA,NA,"other"
"32___",NA,"7.321315e-05",NA,NA,NA,NA,NA,NA,NA,NA,NA,NA,"other"
"33___",NA,NA,NA,"3.47811e-05",NA,"3.47811e-05","3.47811e-05","3.47811e-05",NA,NA,NA,NA,"other"
"34___",NA,"2.540062e-05",NA,"2.540062e-05",NA,"2.540062e-05","2.540062e-05","2.540062e-05",NA,NA,NA,NA,"other"
"35___",NA,"1.545994e-05","1.545994e-05","1.545994e-05","1.545994e-05","1.545994e-05","1.545994e-05","1.545994e-05",NA,NA,NA,NA,"other"
"36___",NA,NA,NA,NA,NA,NA,NA,NA,NA,NA,NA,NA,"neo-endemic"
"37___",NA,NA,NA,"0.0008268952",NA,NA,NA,"0.0008268952",NA,NA,NA,NA,"meso-endemic"
"38___",NA,"-8.711777e-06",NA,NA,NA,NA,NA,NA,NA,NA,NA,NA,"other"
"39___",NA,NA,NA,NA,NA,"-5.850466e-05","-5.850466e-05",NA,NA,NA,NA,NA,"other"
"40___",NA,NA,NA,"-2.066672e-05",NA,"-2.066672e-05","-2.066672e-05","-2.066672e-05",NA,NA,NA,NA,"other"
"41___","-1.323658e-05","-1.323658e-05","-1.323658e-05",NA,NA,"-1.323658e-05","-1.323658e-05",NA,NA,NA,NA,NA,"other"
"42___",NA,NA,NA,NA,NA,NA,NA,NA,NA,NA,NA,NA,"other"
"43___","-1.175169e-05","-1.175169e-05","-1.175169e-05",NA,NA,"-1.175169e-05","-1.175169e-05",NA,NA,NA,NA,NA,"other"
"44___","-7.648849e-06","-7.648849e-06","-7.648849e-06",NA,NA,"-7.648849e-06","-7.648849e-06",NA,NA,NA,NA,NA,"other"
"45___","-5.514339e-06","-5.514339e-06","-5.514339e-06","-5.514339e-06",NA,"-5.514339e-06","-5.514339e-06","-5.514339e-06",NA,NA,NA,NA,"other"
"46___","-8.998019e-06","-8.998019e-06","-8.998019e-06","-8.998019e-06",NA,"-8.998019e-06","-8.998019e-06","-8.998019e-06",NA,NA,NA,NA,"other"
"47___","3.207411e-06","3.207411e-06","3.207411e-06","3.207411e-06",NA,"3.207411e-06","3.207411e-06","3.207411e-06",NA,NA,NA,NA,"other"
"48___","1.869017e-05","1.869017e-05","1.869017e-05","1.869017e-05",NA,"1.869017e-05","1.869017e-05","1.869017e-05",NA,NA,NA,NA,"other"
"49___","-4.984111e-06","-4.984111e-06","-4.984111e-06","-4.984111e-06",NA,"-4.984111e-06","-4.984111e-06","-4.984111e-06",NA,NA,NA,NA,"other"
"50___","-2.575613e-06","-2.575613e-06","-2.575613e-06","-2.575613e-06","-2.575613e-06","-2.575613e-06","-2.575613e-06","-2.575613e-06",NA,NA,NA,NA,"other"
"51___",NA,NA,NA,NA,NA,"0.0001819916",NA,NA,NA,NA,NA,NA,"other"
"52___",NA,NA,NA,NA,NA,"0.0003014426",NA,NA,NA,NA,NA,NA,"other"
"53___",NA,"-3.932564e-05",NA,NA,NA,NA,NA,NA,NA,NA,NA,NA,"other"
"54___",NA,NA,NA,NA,NA,NA,NA,NA,NA,NA,NA,NA,"other"
"55___",NA,NA,NA,NA,NA,NA,NA,NA,NA,NA,NA,NA,"other"
"56___",NA,"-2.534778e-05",NA,NA,NA,NA,NA,NA,NA,NA,NA,NA,"other"
"57___",NA,"1.437972e-05",NA,NA,NA,NA,NA,NA,NA,NA,NA,NA,"other"
"58___",NA,"1.869697e-05",NA,NA,NA,NA,NA,NA,NA,NA,NA,NA,"other"
"59___",NA,"-3.761631e-06",NA,NA,NA,"-3.761631e-06",NA,NA,NA,NA,NA,NA,"other"
"60___",NA,NA,NA,NA,NA,NA,"3.450926e-05",NA,NA,NA,NA,NA,"other"
"61___",NA,NA,NA,NA,NA,"0.0007822965",NA,NA,NA,NA,NA,NA,"other"
"62___",NA,NA,NA,NA,NA,NA,NA,NA,NA,NA,NA,NA,"other"
"63___",NA,NA,NA,NA,NA,NA,NA,NA,NA,NA,NA,NA,"other"
"64___",NA,NA,NA,NA,NA,NA,NA,NA,NA,NA,NA,NA,"other"
"65___",NA,NA,NA,NA,NA,NA,NA,NA,NA,NA,NA,NA,"other"
"66___",NA,NA,NA,NA,NA,NA,NA,NA,NA,NA,NA,NA,"other"
"67___",NA,NA,NA,NA,NA,"5.031916e-05",NA,NA,NA,NA,NA,NA,"other"
"68___",NA,NA,NA,NA,NA,NA,NA,NA,NA,NA,NA,NA,"neo-endemic"
"69___",NA,NA,NA,NA,NA,NA,NA,NA,NA,NA,NA,NA,"other"
"70___",NA,NA,NA,NA,NA,"-5.79223e-05","-5.79223e-05",NA,NA,NA,NA,NA,"other"
"71___",NA,NA,NA,NA,NA,"0.0003609642","0.0003609642",NA,NA,NA,NA,NA,"other"
"72___",NA,NA,NA,NA,NA,NA,"0.0009603271",NA,NA,NA,NA,NA,"other"
"73___",NA,NA,NA,NA,NA,NA,"0.0002533172",NA,NA,NA,NA,NA,"other"
"74___",NA,NA,NA,NA,NA,NA,NA,NA,NA,NA,NA,NA,"other"
"75___",NA,NA,NA,NA,"0.0001066789",NA,"0.0001066789",NA,NA,NA,NA,NA,"other"
"76___",NA,NA,NA,NA,"4.250564e-05",NA,"4.250564e-05",NA,NA,NA,NA,NA,"other"
"77___",NA,NA,NA,NA,"-2.737683e-05",NA,"-2.737683e-05",NA,NA,NA,NA,NA,"other"
"78___",NA,NA,NA,NA,"-1.894879e-06",NA,"-1.894879e-06",NA,NA,NA,NA,NA,"other"
"79___",NA,NA,NA,NA,"-3.573355e-05","-3.573355e-05","-3.573355e-05",NA,NA,NA,NA,NA,"other"
"80___",NA,NA,NA,NA,"-1.122019e-06","-1.122019e-06","-1.122019e-06",NA,NA,NA,NA,NA,"other"
"81___",NA,NA,NA,NA,"-9.896959e-06","-9.896959e-06","-9.896959e-06",NA,NA,NA,NA,NA,"other"
"82___",NA,NA,NA,NA,"-6.057764e-06","-6.057764e-06","-6.057764e-06",NA,NA,NA,NA,NA,"other"
"83___",NA,NA,NA,NA,"-2.162074e-05","-2.162074e-05","-2.162074e-05",NA,NA,NA,NA,NA,"other"
"84___",NA,"-9.239602e-06",NA,NA,"-9.239602e-06","-9.239602e-06","-9.239602e-06",NA,NA,NA,NA,NA,"other"
"85___","1.881664e-06","1.881664e-06","1.881664e-06","1.881664e-06","1.881664e-06","1.881664e-06","1.881664e-06","1.881664e-06",NA,NA,NA,NA,"other"
"86___",NA,NA,NA,NA,NA,NA,NA,NA,NA,NA,NA,NA,"other"
"87___",NA,"-7.798385e-06",NA,"-7.798385e-06",NA,NA,NA,NA,NA,NA,NA,NA,"other"
"88___",NA,"6.121826e-06",NA,"6.121826e-06",NA,NA,NA,NA,NA,NA,NA,NA,"other"
"89___",NA,"2.449591e-05",NA,"2.449591e-05",NA,NA,NA,NA,NA,NA,NA,NA,"other"
"90___",NA,NA,NA,NA,NA,NA,NA,NA,NA,NA,NA,NA,"other"
"91___",NA,NA,NA,NA,NA,NA,NA,NA,NA,NA,NA,NA,"other"
"92___",NA,NA,"0.0001327841",NA,"0.0001327841",NA,NA,NA,NA,NA,NA,NA,"other"
"93___",NA,NA,NA,"-7.216018e-05",NA,NA,NA,"-7.216018e-05",NA,NA,NA,NA,"other"
"94___",NA,NA,NA,"1.440229e-05",NA,NA,NA,"1.440229e-05",NA,NA,NA,NA,"other"
"95___",NA,NA,"2.485917e-05","2.485917e-05","2.485917e-05",NA,NA,"2.485917e-05",NA,NA,NA,NA,"other"
"96___",NA,NA,"1.462687e-06","1.462687e-06","1.462687e-06",NA,NA,"1.462687e-06",NA,NA,NA,NA,"other"
"97___",NA,"-4.998158e-07","-4.998158e-07","-4.998158e-07","-4.998158e-07",NA,NA,"-4.998158e-07",NA,NA,NA,NA,"other"
"98___",NA,NA,NA,"0.003976421",NA,NA,NA,"0.003976421",NA,NA,NA,NA,"other"
"99___",NA,"-4.063669e-05",NA,NA,NA,NA,NA,NA,NA,NA,NA,NA,"other"
"100___",NA,"-3.385732e-05",NA,NA,NA,NA,NA,NA,NA,NA,NA,NA,"other"
"101___",NA,"9.94178e-06",NA,NA,NA,NA,NA,NA,NA,NA,NA,NA,"other"
"102___",NA,"-4.340207e-06",NA,NA,NA,NA,NA,NA,NA,NA,NA,NA,"other"
"103___",NA,"2.559583e-05",NA,NA,NA,NA,NA,NA,NA,NA,NA,NA,"other"
"104___",NA,NA,NA,"0.0006818744",NA,"0.0006818744",NA,NA,NA,NA,NA,NA,"other"
"105___",NA,NA,NA,NA,NA,NA,NA,NA,NA,NA,NA,NA,"other"
"106___",NA,NA,NA,NA,NA,NA,"-4.749313e-05",NA,NA,NA,NA,NA,"other"
"107___",NA,NA,NA,NA,NA,"0.0002552259","0.0002552259",NA,NA,NA,NA,NA,"other"
"108___",NA,NA,NA,NA,NA,"-6.397503e-05","-6.397503e-05",NA,NA,NA,NA,NA,"other"
"109___",NA,NA,NA,"2.851166e-05",NA,"2.851166e-05","2.851166e-05",NA,NA,NA,NA,NA,"other"
"110___","-9.885378e-06","-9.885378e-06","-9.885378e-06","-9.885378e-06",NA,NA,NA,"-9.885378e-06",NA,NA,NA,NA,"other"
"111___",NA,NA,NA,NA,NA,NA,"0.0005896411",NA,NA,NA,NA,NA,"other"
"112___",NA,NA,NA,NA,NA,"-0.0001180307",NA,NA,NA,NA,NA,NA,"other"
"113___",NA,NA,NA,"1.567189e-05",NA,"1.567189e-05","1.567189e-05","1.567189e-05",NA,NA,NA,NA,"other"
"114___",NA,NA,NA,"-8.777269e-05",NA,"-8.777269e-05","-8.777269e-05","-8.777269e-05",NA,NA,NA,NA,"other"
"115___",NA,NA,NA,"-6.873404e-05",NA,"-6.873404e-05","-6.873404e-05","-6.873404e-05",NA,NA,NA,NA,"other"
"116___",NA,NA,NA,"-5.828684e-05",NA,"-5.828684e-05","-5.828684e-05","-5.828684e-05",NA,NA,NA,NA,"other"
"117___",NA,NA,NA,"-2.925421e-05",NA,"-2.925421e-05","-2.925421e-05","-2.925421e-05",NA,NA,NA,NA,"other"
"118___",NA,NA,NA,"-1.391925e-05",NA,"-1.391925e-05","-1.391925e-05","-1.391925e-05",NA,NA,NA,NA,"other"
"119___",NA,NA,NA,"-5.176495e-05",NA,"-5.176495e-05","-5.176495e-05","-5.176495e-05",NA,NA,NA,NA,"other"
"120___","-8.136307e-06","-8.136307e-06","-8.136307e-06","-8.136307e-06",NA,"-8.136307e-06","-8.136307e-06","-8.136307e-06",NA,NA,NA,NA,"other"
"121___","-3.723155e-07","-3.723155e-07","-3.723155e-07","-3.723155e-07",NA,"-3.723155e-07","-3.723155e-07","-3.723155e-07",NA,NA,NA,NA,"other"
"122___","-5.781126e-06","-5.781126e-06","-5.781126e-06","-5.781126e-06",NA,"-5.781126e-06","-5.781126e-06","-5.781126e-06",NA,NA,NA,NA,"other"
"123___","-8.44549e-06","-8.44549e-06","-8.44549e-06","-8.44549e-06",NA,"-8.44549e-06","-8.44549e-06","-8.44549e-06",NA,NA,NA,NA,"other"
"124___",NA,NA,NA,NA,NA,NA,NA,NA,NA,NA,NA,NA,"other"
"125___",NA,NA,NA,NA,NA,NA,NA,NA,NA,NA,NA,NA,"other"
"126___",NA,NA,NA,NA,NA,"-0.0001597465",NA,NA,NA,NA,NA,NA,"other"
"127___",NA,NA,NA,NA,NA,NA,"-0.0002134441",NA,NA,NA,NA,NA,"other"
"128___",NA,NA,NA,NA,NA,NA,"-4.134496e-05",NA,NA,NA,NA,NA,"other"
"129___",NA,NA,NA,NA,NA,NA,NA,NA,NA,NA,NA,NA,"other"
"130___",NA,NA,NA,NA,NA,NA,NA,NA,NA,NA,NA,NA,"other"
"131___",NA,NA,NA,NA,NA,NA,NA,NA,NA,NA,NA,NA,"other"
"132___",NA,NA,NA,NA,NA,NA,"4.924578e-05",NA,NA,NA,NA,NA,"other"
"133___",NA,NA,NA,NA,NA,NA,"-3.708095e-05",NA,NA,NA,NA,NA,"other"
"134___",NA,NA,NA,NA,NA,NA,"-3.684381e-05",NA,NA,NA,NA,NA,"other"
"135___",NA,NA,NA,NA,NA,NA,NA,NA,NA,NA,NA,NA,"other"
"136___",NA,NA,NA,NA,NA,NA,NA,NA,NA,NA,NA,NA,"other"
"137___",NA,NA,NA,NA,NA,NA,NA,NA,NA,NA,NA,NA,"other"
"138___",NA,NA,NA,NA,NA,NA,NA,NA,NA,NA,NA,NA,"other"
"139___",NA,NA,NA,NA,NA,"-0.000410639",NA,NA,NA,NA,NA,NA,"other"
"140___",NA,NA,NA,NA,NA,"-0.000122732",NA,NA,NA,NA,NA,NA,"other"
"141___",NA,NA,NA,NA,NA,NA,NA,NA,NA,NA,NA,NA,"other"
"142___",NA,NA,NA,NA,NA,NA,NA,NA,NA,NA,NA,NA,"other"
"143___",NA,NA,NA,NA,NA,NA,NA,NA,NA,NA,NA,NA,"other"
"144___",NA,NA,NA,NA,NA,NA,"-0.0001506765",NA,NA,NA,NA,NA,"other"
"145___",NA,NA,NA,NA,NA,"-6.438065e-05","-6.438065e-05",NA,NA,NA,NA,NA,"other"
"146___",NA,NA,NA,NA,NA,"-8.343925e-05","-8.343925e-05",NA,NA,NA,NA,NA,"other"
"147___",NA,NA,NA,NA,NA,"9.750379e-06","9.750379e-06",NA,NA,NA,NA,NA,"other"
"148___",NA,NA,NA,NA,NA,"-1.062367e-05","-1.062367e-05",NA,NA,NA,NA,NA,"other"
"149___",NA,NA,NA,NA,NA,"-6.382699e-06","-6.382699e-06",NA,NA,NA,NA,NA,"other"
"150___",NA,NA,NA,NA,NA,"-9.295665e-06","-9.295665e-06",NA,NA,NA,NA,NA,"other"
"151___",NA,NA,NA,NA,NA,NA,NA,NA,NA,NA,NA,NA,"other"
"152___",NA,NA,NA,NA,NA,NA,NA,NA,NA,NA,NA,NA,"other"
"153___",NA,NA,NA,NA,NA,NA,NA,NA,NA,NA,NA,NA,"other"
"154___",NA,NA,NA,NA,"-6.377801e-05",NA,NA,NA,NA,NA,NA,NA,"other"
"155___",NA,NA,NA,NA,"-5.377289e-05",NA,NA,NA,NA,NA,NA,NA,"other"
"156___",NA,NA,"-2.081803e-05",NA,NA,NA,NA,NA,NA,NA,NA,NA,"other"
"157___",NA,NA,"-2.016228e-05",NA,NA,NA,NA,NA,NA,NA,NA,NA,"other"
"158___",NA,NA,"-5.2143e-06",NA,NA,NA,NA,NA,NA,NA,NA,NA,"other"
"159___",NA,NA,"-2.733338e-05",NA,NA,NA,NA,NA,NA,NA,NA,NA,"other"
"160___",NA,NA,"-1.884307e-05",NA,NA,NA,NA,NA,NA,NA,NA,NA,"other"
"161___",NA,NA,"-2.62046e-05",NA,NA,NA,NA,NA,NA,NA,NA,NA,"other"
"162___",NA,NA,"-7.928674e-05",NA,NA,NA,NA,NA,NA,NA,NA,NA,"other"
"163___",NA,NA,NA,NA,NA,"-8.579212e-05",NA,NA,NA,NA,NA,NA,"other"
"164___",NA,NA,NA,NA,NA,"-4.055118e-05",NA,NA,NA,NA,NA,NA,"other"
"165___",NA,NA,"-5.317992e-05",NA,NA,"-5.317992e-05",NA,NA,NA,NA,NA,NA,"other"
"166___",NA,NA,"-3.881388e-05",NA,NA,"-3.881388e-05",NA,NA,NA,NA,NA,NA,"other"
"167___",NA,NA,"-6.635684e-05",NA,NA,NA,NA,NA,NA,NA,NA,NA,"other"
"168___",NA,NA,NA,NA,NA,"-0.000234055",NA,NA,NA,NA,NA,NA,"other"
"169___",NA,NA,NA,NA,NA,NA,NA,NA,NA,NA,NA,NA,"other"
"170___",NA,NA,NA,NA,NA,NA,NA,NA,NA,NA,NA,NA,"other"
"171___",NA,NA,NA,NA,NA,NA,NA,NA,NA,NA,NA,NA,"other"
"172___",NA,NA,NA,NA,NA,"-1.632098e-05","-1.632098e-05",NA,NA,NA,NA,NA,"other"
"173___",NA,NA,NA,NA,NA,"-7.146576e-05","-7.146576e-05",NA,NA,NA,NA,NA,"other"
"174___",NA,NA,NA,NA,NA,"-0.0001047326","-0.0001047326",NA,NA,NA,NA,NA,"other"
"175___",NA,NA,"-8.111423e-05",NA,NA,"-8.111423e-05","-8.111423e-05",NA,NA,NA,NA,NA,"other"
"176___",NA,NA,"-5.078982e-05",NA,NA,"-5.078982e-05","-5.078982e-05",NA,NA,NA,NA,NA,"other"
"177___",NA,NA,"-3.322331e-05",NA,NA,"-3.322331e-05","-3.322331e-05",NA,NA,NA,NA,NA,"other"
"178___",NA,NA,"-3.630758e-05",NA,NA,"-3.630758e-05","-3.630758e-05",NA,NA,NA,NA,NA,"other"
"179___",NA,NA,"-1.584181e-05",NA,NA,"-1.584181e-05","-1.584181e-05",NA,NA,"-1.584181e-05",NA,NA,"other"
"180___",NA,NA,"-2.020151e-05",NA,NA,"-2.020151e-05","-2.020151e-05",NA,NA,"-2.020151e-05",NA,NA,"other"
"181___",NA,NA,"-6.029602e-06",NA,NA,"-6.029602e-06","-6.029602e-06",NA,NA,"-6.029602e-06",NA,NA,"other"
"182___",NA,NA,"-1.157549e-05",NA,"-1.157549e-05","-1.157549e-05","-1.157549e-05",NA,NA,"-1.157549e-05",NA,NA,"other"
"183___",NA,NA,NA,NA,"6.899068e-06",NA,NA,NA,NA,NA,NA,NA,"other"
"184___",NA,NA,NA,NA,"-2.292827e-05",NA,NA,NA,NA,NA,NA,NA,"other"
"185___",NA,NA,NA,NA,NA,NA,NA,NA,NA,NA,NA,NA,"other"
"186___",NA,NA,NA,NA,NA,NA,NA,NA,NA,NA,NA,NA,"other"
"187___",NA,NA,NA,NA,NA,NA,NA,NA,NA,NA,NA,NA,"other"
"188___",NA,NA,NA,NA,NA,NA,NA,NA,NA,NA,NA,NA,"other"
"189___",NA,NA,NA,NA,NA,NA,NA,NA,NA,NA,NA,"5.301308e-05","other"
"190___",NA,NA,NA,NA,NA,NA,NA,NA,NA,NA,NA,NA,"other"
"191___",NA,NA,NA,NA,NA,NA,NA,NA,NA,NA,NA,NA,"other"
"192___",NA,NA,NA,NA,NA,NA,NA,NA,NA,NA,NA,NA,"other"
"193___",NA,NA,NA,NA,NA,NA,NA,NA,NA,NA,NA,NA,"other"
"194___",NA,NA,NA,NA,NA,NA,NA,NA,NA,NA,NA,NA,"other"
"195___",NA,NA,NA,NA,"-4.500934e-06",NA,NA,NA,NA,NA,NA,NA,"other"
"196___",NA,NA,NA,NA,"-2.733386e-05",NA,NA,NA,NA,NA,NA,NA,"other"
"197___",NA,NA,NA,NA,"-5.928645e-05",NA,NA,NA,NA,NA,NA,NA,"other"
"198___",NA,NA,NA,NA,"-4.070552e-05",NA,NA,NA,NA,NA,NA,NA,"other"
"199___",NA,NA,NA,NA,"-2.615254e-05",NA,NA,NA,NA,NA,NA,NA,"other"
"200___",NA,NA,NA,NA,"-9.582659e-06",NA,NA,NA,NA,NA,NA,NA,"other"
"201___",NA,NA,NA,NA,"-2.672766e-05",NA,NA,NA,NA,NA,NA,NA,"other"
"202___",NA,NA,NA,NA,"-3.147331e-05",NA,NA,NA,NA,NA,NA,"-3.147331e-05","other"
"203___",NA,NA,NA,NA,"-3.155094e-05",NA,NA,NA,NA,NA,NA,"-3.155094e-05","other"
"204___",NA,NA,NA,NA,NA,NA,NA,NA,NA,NA,NA,NA,"other"
"205___",NA,NA,NA,NA,"-0.0001601789",NA,NA,NA,NA,NA,NA,NA,"other"
"206___",NA,NA,NA,NA,"-0.0001313773",NA,"-0.0001313773",NA,NA,NA,NA,NA,"other"
"207___",NA,NA,NA,NA,"-4.298767e-05",NA,"-4.298767e-05",NA,NA,NA,NA,NA,"other"
"208___",NA,NA,NA,NA,"-4.458551e-05",NA,"-4.458551e-05",NA,NA,NA,NA,NA,"other"
"209___",NA,NA,NA,NA,"-3.649967e-05",NA,"-3.649967e-05",NA,NA,NA,NA,NA,"other"
"210___",NA,NA,NA,NA,"-3.175059e-05",NA,"-3.175059e-05",NA,NA,NA,NA,NA,"other"
"211___",NA,NA,NA,NA,NA,NA,NA,NA,NA,NA,NA,NA,"other"
"212___",NA,NA,NA,NA,NA,NA,NA,NA,NA,NA,NA,NA,"neo-endemic"
"213___",NA,NA,NA,NA,"-0.0003766911",NA,NA,NA,NA,NA,NA,NA,"other"
"214___",NA,NA,NA,NA,"-0.0001470915",NA,NA,NA,NA,NA,NA,NA,"other"
"215___",NA,NA,NA,NA,"-0.0002597179",NA,NA,NA,NA,NA,NA,NA,"other"
"216___",NA,NA,NA,NA,"-0.0002021922",NA,NA,NA,NA,NA,NA,NA,"other"
"217___",NA,NA,NA,NA,"-0.0001772664",NA,NA,NA,NA,NA,NA,NA,"other"
"218___",NA,NA,NA,NA,"-0.0001643743",NA,NA,NA,NA,NA,NA,NA,"other"
"219___",NA,NA,NA,NA,"-0.0001558722",NA,NA,NA,NA,NA,NA,NA,"other"
"220___",NA,NA,NA,NA,"-0.0001255637",NA,NA,NA,NA,NA,NA,NA,"other"
"221___",NA,NA,NA,NA,"-2.449907e-05",NA,"-2.449907e-05",NA,NA,NA,NA,NA,"other"
"222___",NA,NA,NA,NA,"-6.901212e-05",NA,NA,NA,NA,NA,NA,NA,"other"
"223___",NA,NA,NA,NA,"-5.047591e-05",NA,NA,NA,NA,NA,NA,NA,"other"
"224___",NA,NA,NA,NA,NA,NA,NA,NA,NA,NA,NA,NA,"other"
"225___",NA,NA,NA,NA,NA,NA,NA,NA,NA,NA,NA,NA,"other"
"226___",NA,NA,NA,NA,NA,NA,NA,NA,NA,NA,NA,NA,"other"
"227___",NA,NA,NA,NA,NA,NA,NA,NA,NA,NA,NA,NA,"other"
"228___",NA,NA,NA,NA,NA,NA,NA,NA,NA,NA,NA,NA,"other"
"229___",NA,NA,NA,NA,NA,NA,NA,NA,NA,NA,NA,NA,"other"
"230___",NA,NA,NA,NA,NA,NA,NA,NA,NA,NA,NA,NA,"other"
"231___",NA,NA,NA,NA,NA,NA,NA,NA,NA,NA,NA,NA,"other"
"232___",NA,NA,NA,NA,NA,NA,NA,NA,NA,NA,NA,NA,"other"
"233___",NA,NA,NA,NA,"-0.0001063598",NA,NA,NA,NA,NA,NA,NA,"other"
"234___",NA,NA,NA,NA,NA,NA,NA,NA,NA,NA,NA,NA,"other"
"235___",NA,NA,NA,NA,NA,NA,NA,NA,NA,NA,NA,NA,"other"
"236___",NA,NA,NA,NA,NA,NA,NA,NA,NA,NA,NA,NA,"other"
"237___",NA,NA,NA,NA,"-0.0002193026",NA,NA,NA,NA,NA,NA,NA,"other"
"238___",NA,NA,NA,NA,"-0.0003622361",NA,NA,NA,NA,NA,NA,NA,"other"
"239___",NA,NA,NA,NA,"-0.0001644363",NA,NA,NA,NA,NA,NA,NA,"other"
"240___",NA,NA,NA,NA,"-9.060585e-05",NA,NA,NA,NA,NA,NA,NA,"other"
"241___",NA,NA,NA,NA,"-9.721061e-05",NA,NA,NA,NA,NA,NA,NA,"other"
"242___",NA,NA,NA,NA,NA,NA,NA,NA,NA,NA,NA,NA,"other"
"243___",NA,NA,NA,NA,"-2.94428e-05",NA,NA,NA,NA,NA,NA,NA,"other"
"244___",NA,NA,NA,NA,"-3.65352e-05",NA,NA,NA,NA,NA,NA,NA,"other"
"245___",NA,NA,NA,NA,NA,NA,NA,NA,NA,NA,NA,NA,"other"
"246___",NA,NA,NA,NA,"-7.334207e-05",NA,NA,NA,NA,NA,NA,NA,"other"
"247___",NA,NA,NA,NA,"-4.788422e-05",NA,NA,NA,NA,NA,NA,NA,"other"
"248___",NA,NA,NA,NA,"-2.790305e-05",NA,NA,NA,NA,NA,NA,NA,"other"
"249___",NA,NA,NA,NA,"-2.492282e-05",NA,NA,NA,NA,NA,NA,NA,"other"
"250___",NA,NA,NA,NA,"-2.628078e-05",NA,NA,NA,NA,NA,NA,NA,"other"
"251___",NA,NA,NA,NA,"-2.255728e-05",NA,NA,NA,NA,NA,NA,NA,"other"
"252___",NA,NA,NA,NA,"-2.476873e-05",NA,NA,NA,NA,NA,NA,NA,"other"
"253___",NA,NA,NA,NA,"-2.16134e-05",NA,NA,NA,NA,NA,NA,NA,"other"
"254___",NA,NA,NA,NA,"-1.754224e-05",NA,NA,NA,NA,NA,NA,NA,"other"
"255___",NA,NA,NA,NA,"-1.967698e-05",NA,NA,NA,NA,NA,NA,NA,"other"
"256___",NA,NA,NA,NA,"-2.142319e-05",NA,NA,NA,NA,NA,NA,NA,"other"
"257___",NA,NA,NA,NA,"-1.380274e-05",NA,"-1.380274e-05",NA,NA,NA,NA,NA,"other"
"258___",NA,NA,NA,NA,"-1.948402e-05",NA,"-1.948402e-05",NA,NA,NA,NA,NA,"other"
"259___",NA,NA,NA,NA,"-1.455516e-05",NA,"-1.455516e-05",NA,NA,NA,NA,"-1.455516e-05","other"
"260___",NA,NA,NA,NA,"-1.644187e-05",NA,"-1.644187e-05",NA,NA,NA,NA,"-1.644187e-05","other"
"261___",NA,NA,NA,NA,"-1.264718e-05",NA,"-1.264718e-05",NA,NA,NA,NA,"-1.264718e-05","other"
"262___",NA,NA,NA,NA,"-1.346712e-05",NA,"-1.346712e-05",NA,NA,NA,NA,"-1.346712e-05","other"
"263___",NA,NA,NA,NA,"-1.281808e-05",NA,"-1.281808e-05",NA,NA,NA,NA,"-1.281808e-05","other"
"264___",NA,NA,"-7.039213e-07",NA,"-7.039213e-07","-7.039213e-07","-7.039213e-07",NA,NA,"-7.039213e-07",NA,"-7.039213e-07","other"
"265___",NA,"-7.986315e-06","-7.986315e-06",NA,"-7.986315e-06","-7.986315e-06","-7.986315e-06",NA,NA,"-7.986315e-06",NA,"-7.986315e-06","other"
"266___",NA,"1.23299e-05","1.23299e-05",NA,"1.23299e-05","1.23299e-05","1.23299e-05",NA,NA,"1.23299e-05",NA,"1.23299e-05","other"
"267___",NA,NA,NA,"4.65311e-05",NA,NA,NA,NA,NA,NA,NA,NA,"other"
"268___",NA,NA,NA,NA,NA,NA,NA,NA,NA,NA,NA,NA,"neo-endemic"
"269___",NA,NA,NA,NA,NA,NA,NA,NA,NA,NA,NA,NA,"other"
"270___",NA,NA,NA,NA,"-3.828807e-05",NA,NA,NA,NA,NA,NA,NA,"other"
"271___",NA,NA,NA,NA,"-3.597358e-05",NA,NA,NA,NA,NA,NA,NA,"other"
"272___",NA,NA,NA,NA,"-4.00026e-05",NA,NA,NA,NA,NA,NA,NA,"other"
"273___",NA,NA,NA,NA,"-2.599759e-05",NA,NA,NA,NA,NA,NA,NA,"other"
"274___",NA,NA,NA,NA,"-3.387334e-05",NA,NA,NA,NA,NA,NA,NA,"other"
"275___",NA,NA,NA,NA,"-2.117104e-05",NA,NA,NA,NA,NA,NA,NA,"other"
"276___",NA,NA,NA,NA,"-3.065552e-05",NA,NA,NA,NA,NA,NA,NA,"other"
"277___",NA,NA,NA,"-2.145698e-05","-2.145698e-05",NA,NA,NA,NA,NA,NA,NA,"other"
"278___",NA,NA,NA,"-8.155248e-05",NA,NA,"-8.155248e-05","-8.155248e-05",NA,NA,NA,NA,"other"
"279___",NA,NA,"-8.370914e-05","-8.370914e-05",NA,NA,"-8.370914e-05","-8.370914e-05",NA,NA,NA,NA,"other"
"280___",NA,NA,NA,NA,NA,NA,"-0.0008578415",NA,NA,NA,NA,NA,"neo-endemic"
"281___",NA,NA,NA,NA,NA,NA,"0.001610963",NA,NA,NA,NA,NA,"other"
"282___",NA,NA,NA,NA,NA,NA,"-4.31811e-05",NA,NA,NA,NA,NA,"other"
"283___",NA,NA,"-3.047878e-05","-3.047878e-05",NA,NA,"-3.047878e-05","-3.047878e-05",NA,NA,NA,NA,"other"
"284___",NA,NA,NA,NA,NA,"1.11106e-06",NA,NA,NA,NA,NA,NA,"other"
"285___",NA,NA,NA,NA,NA,"-0.0001331069","-0.0001331069",NA,NA,NA,NA,NA,"other"
"286___",NA,NA,NA,NA,NA,"-1.793927e-05","-1.793927e-05",NA,NA,NA,NA,NA,"other"
"287___",NA,"1.349347e-06","1.349347e-06",NA,NA,NA,NA,NA,NA,NA,NA,NA,"other"
"288___",NA,NA,NA,NA,NA,NA,NA,NA,NA,NA,NA,NA,"other"
"289___",NA,NA,"-1.715657e-05","-1.715657e-05",NA,NA,NA,NA,NA,NA,NA,NA,"other"
"290___",NA,"-8.802374e-06","-8.802374e-06","-8.802374e-06",NA,NA,NA,NA,NA,NA,NA,NA,"other"
"291___",NA,"-4.28527e-06","-4.28527e-06","-4.28527e-06",NA,NA,NA,NA,NA,NA,NA,NA,"other"
"292___",NA,NA,NA,NA,NA,NA,NA,NA,NA,NA,NA,NA,"other"
"293___",NA,NA,NA,NA,NA,NA,NA,NA,NA,NA,NA,NA,"other"
"294___",NA,NA,"-1.87442e-05",NA,NA,NA,NA,NA,NA,NA,NA,NA,"other"
"295___",NA,NA,"-5.947755e-05",NA,NA,NA,"-5.947755e-05",NA,NA,NA,NA,NA,"other"
"296___",NA,NA,"-5.615272e-05",NA,NA,NA,"-5.615272e-05",NA,NA,NA,NA,NA,"other"
"297___",NA,NA,"-2.893286e-05",NA,NA,NA,"-2.893286e-05",NA,NA,NA,NA,NA,"other"
"298___",NA,NA,"-3.012765e-06",NA,NA,NA,"-3.012765e-06",NA,NA,NA,NA,NA,"other"
"299___",NA,NA,NA,NA,NA,NA,"-1.434089e-05",NA,NA,NA,NA,NA,"other"
"300___",NA,NA,NA,NA,NA,NA,NA,NA,NA,NA,NA,NA,"other"
"301___",NA,NA,NA,NA,NA,NA,NA,NA,NA,NA,NA,NA,"other"
"302___",NA,NA,NA,NA,NA,NA,NA,NA,NA,NA,NA,NA,"other"
"303___",NA,NA,NA,NA,NA,NA,NA,NA,NA,NA,NA,NA,"other"
"304___",NA,NA,NA,NA,NA,NA,NA,NA,NA,NA,NA,NA,"other"
"305___",NA,NA,NA,NA,NA,NA,NA,NA,NA,NA,NA,NA,"other"
"306___",NA,NA,NA,NA,NA,NA,NA,NA,NA,NA,NA,NA,"other"
"307___",NA,NA,NA,NA,NA,NA,NA,NA,NA,NA,"-0.0001826889",NA,"other"
"308___",NA,NA,NA,NA,NA,NA,NA,NA,NA,NA,"-7.150337e-05",NA,"other"
"309___",NA,NA,NA,NA,NA,NA,NA,NA,NA,NA,NA,NA,"other"
"310___",NA,NA,"-4.310517e-05",NA,NA,NA,NA,NA,NA,NA,NA,NA,"other"
"311___",NA,NA,"-2.969882e-05",NA,NA,NA,NA,NA,NA,NA,NA,NA,"other"
"312___",NA,NA,"-8.303462e-06",NA,NA,NA,NA,NA,NA,NA,"-8.303462e-06",NA,"other"
"313___",NA,NA,"-2.195625e-05",NA,NA,NA,NA,NA,NA,NA,"-2.195625e-05",NA,"other"
"314___",NA,NA,"8.550544e-06",NA,NA,NA,NA,NA,NA,NA,"8.550544e-06",NA,"other"
"315___",NA,NA,"-1.360577e-05",NA,NA,NA,NA,NA,NA,NA,"-1.360577e-05",NA,"other"
"316___",NA,NA,"-8.155654e-06",NA,NA,NA,NA,NA,NA,NA,"-8.155654e-06",NA,"other"
"317___",NA,NA,"-3.6764e-06",NA,NA,NA,NA,NA,NA,NA,"-3.6764e-06",NA,"other"
"318___",NA,NA,"-2.858826e-06",NA,NA,NA,"-2.858826e-06",NA,NA,NA,"-2.858826e-06",NA,"other"
"319___",NA,NA,"-1.036546e-05",NA,NA,NA,"-1.036546e-05",NA,NA,NA,"-1.036546e-05",NA,"other"
"320___",NA,NA,"-7.582573e-06",NA,NA,NA,"-7.582573e-06",NA,NA,NA,"-7.582573e-06",NA,"other"
"321___",NA,NA,NA,NA,NA,NA,"1.127079e-05",NA,NA,NA,NA,NA,"other"
"322___",NA,NA,"-0.0001723323",NA,NA,NA,"-0.0001723323",NA,NA,NA,NA,NA,"other"
"323___",NA,NA,NA,NA,NA,NA,NA,NA,NA,NA,NA,NA,"other"
"324___",NA,NA,NA,NA,"-7.629775e-06",NA,NA,NA,NA,NA,NA,NA,"other"
"325___",NA,NA,NA,NA,"-7.400957e-06",NA,NA,NA,NA,NA,NA,NA,"other"
"326___",NA,NA,NA,NA,"3.194652e-06",NA,NA,NA,NA,NA,NA,NA,"other"
"327___",NA,NA,NA,NA,"-1.893384e-05",NA,NA,NA,NA,NA,NA,NA,"other"
"328___",NA,NA,NA,NA,"-1.600702e-05",NA,NA,NA,NA,NA,NA,NA,"other"
"329___",NA,NA,NA,NA,NA,NA,NA,NA,NA,NA,NA,NA,"other"
"330___",NA,NA,NA,NA,NA,NA,NA,NA,NA,NA,NA,NA,"other"
"331___",NA,NA,NA,NA,NA,NA,"-7.066344e-05",NA,NA,NA,NA,NA,"other"
"332___",NA,NA,NA,NA,NA,NA,"-5.792977e-05",NA,NA,NA,NA,NA,"other"
"333___",NA,NA,NA,NA,NA,NA,NA,NA,NA,NA,NA,NA,"other"
"334___",NA,NA,NA,NA,NA,NA,NA,NA,NA,NA,NA,NA,"other"
"335___",NA,NA,NA,NA,NA,NA,NA,NA,NA,NA,NA,NA,"other"
"336___",NA,NA,NA,NA,NA,NA,NA,NA,NA,NA,NA,NA,"other"
"337___",NA,NA,NA,NA,NA,NA,NA,NA,NA,NA,NA,NA,"other"
"338___",NA,NA,NA,NA,NA,NA,NA,NA,NA,NA,NA,NA,"other"
"339___",NA,NA,NA,NA,NA,NA,NA,NA,NA,NA,NA,NA,"other"
"340___",NA,NA,NA,NA,NA,NA,"-1.348368e-05",NA,NA,NA,NA,NA,"other"
"341___",NA,NA,NA,NA,NA,NA,"-1.822461e-05",NA,NA,NA,NA,NA,"other"
"342___",NA,NA,NA,NA,"-1.500211e-05",NA,"-1.500211e-05",NA,NA,NA,NA,NA,"other"
"343___",NA,NA,"-1.495925e-05",NA,"-1.495925e-05",NA,"-1.495925e-05",NA,NA,NA,NA,NA,"other"
"344___",NA,"-9.056739e-06","-9.056739e-06",NA,"-9.056739e-06",NA,"-9.056739e-06",NA,NA,NA,NA,NA,"other"
"345___",NA,"-3.90436e-06","-3.90436e-06",NA,"-3.90436e-06",NA,"-3.90436e-06",NA,NA,NA,"-3.90436e-06",NA,"other"
"346___",NA,"-1.950995e-06","-1.950995e-06",NA,"-1.950995e-06",NA,"-1.950995e-06",NA,NA,NA,"-1.950995e-06",NA,"other"
"347___",NA,"-5.979683e-06","-5.979683e-06",NA,"-5.979683e-06",NA,"-5.979683e-06",NA,NA,NA,"-5.979683e-06",NA,"other"
"348___",NA,"-5.059794e-06","-5.059794e-06","-5.059794e-06","-5.059794e-06",NA,"-5.059794e-06",NA,NA,NA,"-5.059794e-06",NA,"other"
"349___",NA,"-2.862542e-06","-2.862542e-06","-2.862542e-06","-2.862542e-06","-2.862542e-06","-2.862542e-06",NA,NA,NA,"-2.862542e-06",NA,"other"
"350___",NA,"-4.097893e-06","-4.097893e-06","-4.097893e-06","-4.097893e-06","-4.097893e-06","-4.097893e-06","-4.097893e-06",NA,NA,"-4.097893e-06",NA,"other"
"351___",NA,"-3.260852e-06","-3.260852e-06","-3.260852e-06","-3.260852e-06","-3.260852e-06","-3.260852e-06","-3.260852e-06",NA,NA,"-3.260852e-06",NA,"other"
"352___",NA,NA,NA,NA,NA,NA,NA,NA,NA,NA,NA,"0.0002047307","other"
"353___",NA,NA,NA,NA,NA,NA,NA,NA,NA,NA,NA,NA,"other"
"354___",NA,NA,NA,NA,NA,NA,NA,"-0.0002661715",NA,NA,NA,NA,"other"
"355___",NA,NA,NA,NA,NA,NA,NA,"3.113269e-05",NA,NA,NA,NA,"other"
"356___",NA,NA,NA,NA,NA,NA,NA,"-2.139786e-05",NA,NA,NA,NA,"other"
"357___",NA,NA,NA,NA,NA,NA,NA,"-2.637097e-05",NA,NA,NA,"-2.637097e-05","other"
"358___","7.38385e-05","7.38385e-05",NA,NA,NA,NA,NA,NA,NA,NA,NA,NA,"other"
"359___",NA,NA,NA,NA,NA,NA,NA,NA,NA,"-0.0001144378",NA,NA,"other"
"360___",NA,NA,"-9.239463e-06","-9.239463e-06",NA,"-9.239463e-06","-9.239463e-06","-9.239463e-06",NA,NA,NA,NA,"other"
"361___",NA,NA,"-1.569309e-05","-1.569309e-05",NA,"-1.569309e-05","-1.569309e-05","-1.569309e-05",NA,NA,NA,NA,"other"
"362___",NA,NA,"-1.198298e-05","-1.198298e-05",NA,"-1.198298e-05","-1.198298e-05","-1.198298e-05",NA,NA,NA,NA,"other"
"363___",NA,NA,"5.682603e-07","5.682603e-07",NA,"5.682603e-07","5.682603e-07","5.682603e-07",NA,"5.682603e-07",NA,NA,"other"
"364___",NA,NA,"-1.577057e-05","-1.577057e-05",NA,"-1.577057e-05","-1.577057e-05","-1.577057e-05",NA,"-1.577057e-05",NA,NA,"other"
"365___",NA,NA,NA,"-6.412351e-05",NA,NA,NA,"-6.412351e-05",NA,"-6.412351e-05",NA,NA,"other"
"366___",NA,NA,NA,"-9.747832e-05",NA,NA,NA,"-9.747832e-05",NA,NA,NA,NA,"other"
"367___",NA,NA,NA,NA,NA,NA,NA,NA,NA,NA,NA,NA,"other"
"368___",NA,NA,NA,"-3.491543e-05",NA,NA,NA,"-3.491543e-05",NA,NA,NA,NA,"other"
"369___",NA,NA,NA,"-6.165937e-05",NA,NA,NA,"-6.165937e-05",NA,NA,NA,NA,"other"
"370___",NA,NA,NA,NA,NA,NA,NA,NA,NA,NA,NA,NA,"other"
"371___",NA,NA,NA,NA,NA,NA,NA,NA,NA,NA,NA,NA,"other"
"372___",NA,NA,NA,NA,NA,NA,NA,NA,NA,NA,NA,NA,"other"
"373___",NA,NA,NA,NA,NA,NA,NA,NA,NA,NA,NA,NA,"other"
"374___",NA,NA,NA,NA,NA,NA,NA,NA,NA,NA,NA,NA,"other"
"375___",NA,NA,NA,NA,NA,"-9.07172e-05","-9.07172e-05",NA,NA,NA,NA,NA,"other"
"376___",NA,NA,NA,NA,NA,"-7.137078e-05","-7.137078e-05",NA,NA,NA,NA,NA,"other"
"377___",NA,NA,NA,NA,NA,"-6.473321e-05","-6.473321e-05",NA,NA,NA,NA,NA,"other"
"378___",NA,NA,NA,NA,NA,NA,NA,NA,NA,NA,NA,NA,"other"
"379___",NA,NA,NA,NA,NA,NA,NA,NA,NA,NA,NA,NA,"other"
"380___",NA,NA,NA,NA,NA,NA,NA,NA,NA,NA,NA,NA,"other"
"381___",NA,NA,NA,NA,NA,NA,NA,NA,NA,NA,NA,NA,"other"
"382___",NA,NA,NA,NA,NA,NA,NA,NA,NA,NA,NA,NA,"other"
"383___",NA,NA,NA,NA,NA,NA,NA,NA,NA,NA,NA,NA,"other"
"384___",NA,NA,NA,NA,NA,"-1.627825e-05","-1.627825e-05",NA,NA,NA,NA,NA,"other"
"385___",NA,NA,NA,NA,NA,NA,NA,NA,NA,NA,NA,NA,"other"
"386___",NA,NA,NA,NA,NA,NA,NA,NA,NA,NA,NA,NA,"other"
"387___",NA,NA,NA,NA,NA,NA,NA,NA,NA,NA,NA,NA,"other"
"388___",NA,NA,NA,NA,NA,NA,NA,NA,NA,NA,NA,NA,"other"
"389___",NA,NA,NA,NA,NA,NA,NA,NA,NA,NA,NA,NA,"other"
"390___",NA,NA,NA,NA,NA,NA,NA,NA,NA,NA,NA,"1.53976e-05","other"
"391___",NA,NA,NA,NA,NA,NA,NA,NA,NA,NA,NA,NA,"other"
"392___",NA,NA,NA,NA,NA,NA,NA,NA,NA,NA,NA,NA,"other"
"393___",NA,NA,NA,NA,NA,NA,NA,NA,NA,NA,NA,NA,"other"
"394___",NA,NA,NA,NA,NA,NA,NA,NA,NA,NA,NA,NA,"other"
"395___",NA,NA,NA,NA,NA,NA,NA,NA,NA,NA,NA,NA,"other"
"396___",NA,NA,NA,NA,NA,NA,NA,NA,NA,NA,NA,"-1.304899e-05","other"
"397___",NA,NA,NA,NA,NA,NA,NA,NA,NA,NA,NA,"-8.362743e-06","other"
"398___",NA,NA,NA,NA,NA,"-7.4345e-06","-7.4345e-06",NA,NA,NA,NA,"-7.4345e-06","other"
"399___",NA,NA,NA,NA,NA,"-4.516171e-06","-4.516171e-06",NA,NA,NA,NA,"-4.516171e-06","other"
"400___",NA,NA,NA,NA,NA,"-7.587289e-06","-7.587289e-06",NA,NA,NA,NA,"-7.587289e-06","other"
"401___",NA,NA,NA,NA,NA,NA,NA,NA,NA,NA,NA,NA,"neo-endemic"
"402___",NA,NA,NA,NA,NA,NA,NA,NA,NA,NA,NA,NA,"other"
"403___",NA,NA,NA,NA,NA,NA,NA,NA,NA,NA,NA,NA,"other"
"404___",NA,NA,NA,NA,NA,NA,NA,NA,NA,NA,NA,NA,"other"
"405___",NA,NA,NA,NA,NA,"-8.26416e-05",NA,"-8.26416e-05",NA,"-8.26416e-05",NA,NA,"other"
"406___","-1.697828e-05",NA,"-1.697828e-05","-1.697828e-05",NA,"-1.697828e-05",NA,"-1.697828e-05",NA,"-1.697828e-05",NA,NA,"other"
"407___","-2.945824e-06",NA,"-2.945824e-06","-2.945824e-06",NA,"-2.945824e-06",NA,"-2.945824e-06",NA,"-2.945824e-06",NA,NA,"other"
"408___",NA,"-6.721606e-06","-6.721606e-06","-6.721606e-06",NA,"-6.721606e-06",NA,"-6.721606e-06",NA,"-6.721606e-06",NA,NA,"other"
"409___",NA,"-2.529321e-05",NA,NA,NA,NA,NA,NA,NA,NA,NA,NA,"other"
"410___",NA,"-3.136293e-05",NA,NA,NA,NA,NA,"-3.136293e-05",NA,NA,NA,NA,"other"
"411___",NA,"-2.857329e-05",NA,NA,NA,NA,NA,"-2.857329e-05",NA,NA,NA,NA,"other"
"412___",NA,"-2.51638e-05",NA,NA,NA,NA,NA,"-2.51638e-05",NA,NA,NA,NA,"other"
"413___",NA,"-4.905049e-06","-4.905049e-06","-4.905049e-06",NA,"-4.905049e-06",NA,"-4.905049e-06",NA,"-4.905049e-06",NA,NA,"other"
"414___",NA,"-4.549656e-06","-4.549656e-06","-4.549656e-06",NA,"-4.549656e-06",NA,"-4.549656e-06",NA,"-4.549656e-06",NA,NA,"other"
"415___",NA,"-6.258637e-06","-6.258637e-06","-6.258637e-06",NA,"-6.258637e-06",NA,"-6.258637e-06",NA,"-6.258637e-06",NA,NA,"other"
"416___","-7.268352e-06","-7.268352e-06","-7.268352e-06","-7.268352e-06",NA,"-7.268352e-06",NA,"-7.268352e-06",NA,"-7.268352e-06",NA,NA,"other"
"417___",NA,"-2.949095e-05",NA,NA,NA,NA,NA,NA,NA,NA,NA,NA,"other"
"418___",NA,"-3.700584e-05",NA,NA,NA,NA,NA,NA,NA,NA,NA,NA,"other"
"419___",NA,"-6.883487e-07",NA,NA,NA,NA,NA,NA,NA,NA,NA,NA,"other"
"420___",NA,"-2.727814e-05","-2.727814e-05",NA,NA,NA,NA,NA,NA,NA,NA,NA,"other"
"421___",NA,"-9.863493e-06","-9.863493e-06",NA,NA,NA,NA,NA,NA,NA,NA,NA,"other"
"422___",NA,NA,NA,"-5.133579e-05",NA,NA,NA,"-5.133579e-05",NA,NA,NA,NA,"other"
"423___",NA,NA,NA,"-2.9896e-05",NA,NA,NA,"-2.9896e-05",NA,NA,NA,NA,"other"
"424___",NA,"-1.305008e-05","-1.305008e-05","-1.305008e-05",NA,NA,NA,"-1.305008e-05",NA,NA,NA,NA,"other"
"425___",NA,"-9.236324e-06","-9.236324e-06","-9.236324e-06",NA,NA,NA,"-9.236324e-06",NA,NA,NA,NA,"other"
"426___",NA,NA,NA,NA,NA,NA,NA,NA,NA,NA,NA,NA,"meso-endemic"
"427___",NA,NA,NA,NA,NA,NA,NA,NA,NA,NA,NA,NA,"other"
"428___",NA,NA,NA,NA,NA,NA,NA,NA,NA,NA,NA,NA,"other"
"429___",NA,NA,NA,NA,"-9.347694e-05",NA,NA,NA,NA,NA,NA,NA,"other"
"430___",NA,NA,NA,NA,"-4.804341e-05",NA,NA,NA,NA,NA,NA,NA,"other"
"431___",NA,NA,NA,NA,NA,NA,NA,NA,NA,NA,NA,NA,"other"
"432___",NA,NA,NA,NA,NA,NA,NA,NA,NA,NA,NA,NA,"other"
"433___",NA,NA,NA,NA,"-3.376054e-05",NA,NA,NA,NA,NA,NA,NA,"other"
"434___",NA,NA,NA,NA,"-3.612242e-05",NA,NA,NA,NA,NA,NA,NA,"other"
"435___",NA,NA,NA,NA,"-1.054628e-05",NA,NA,NA,NA,NA,NA,NA,"other"
"436___",NA,"-4.535726e-06","-4.535726e-06","-4.535726e-06","-4.535726e-06",NA,NA,"-4.535726e-06",NA,NA,NA,NA,"other"
"437___",NA,"-7.557043e-06","-7.557043e-06","-7.557043e-06","-7.557043e-06",NA,NA,"-7.557043e-06",NA,NA,NA,NA,"other"
"438___","-5.587507e-06","-5.587507e-06","-5.587507e-06","-5.587507e-06","-5.587507e-06","-5.587507e-06",NA,"-5.587507e-06",NA,"-5.587507e-06",NA,NA,"other"
"439___","-5.149763e-06","-5.149763e-06","-5.149763e-06","-5.149763e-06","-5.149763e-06","-5.149763e-06",NA,"-5.149763e-06",NA,"-5.149763e-06",NA,NA,"other"
"440___","-2.317654e-06","-2.317654e-06","-2.317654e-06","-2.317654e-06","-2.317654e-06","-2.317654e-06",NA,"-2.317654e-06",NA,"-2.317654e-06",NA,NA,"other"
"441___",NA,NA,NA,NA,NA,NA,NA,NA,NA,NA,NA,NA,"other"
"442___",NA,NA,NA,NA,NA,NA,NA,NA,NA,NA,NA,NA,"other"
"443___",NA,NA,NA,NA,NA,NA,NA,NA,NA,NA,NA,NA,"other"
"444___",NA,NA,NA,NA,NA,NA,NA,NA,NA,NA,NA,NA,"other"
"445___",NA,NA,NA,NA,NA,NA,NA,NA,NA,NA,NA,NA,"other"
"446___",NA,NA,NA,NA,NA,NA,NA,NA,NA,NA,NA,NA,"other"
"447___",NA,NA,NA,NA,NA,NA,NA,NA,NA,NA,NA,NA,"other"
"448___",NA,NA,NA,NA,NA,NA,NA,NA,NA,NA,NA,NA,"other"
"449___",NA,NA,NA,NA,NA,NA,NA,NA,NA,NA,NA,NA,"other"
"450___",NA,NA,NA,NA,NA,NA,NA,NA,NA,NA,NA,NA,"other"
"451___",NA,NA,NA,NA,NA,NA,NA,NA,NA,NA,NA,NA,"other"
"452___",NA,NA,NA,NA,NA,NA,NA,NA,NA,NA,NA,NA,"other"
"453___",NA,NA,NA,NA,NA,NA,NA,NA,NA,NA,NA,NA,"other"
"454___",NA,NA,NA,NA,NA,NA,NA,NA,NA,NA,NA,NA,"other"
"455___",NA,NA,NA,NA,NA,NA,NA,NA,NA,NA,NA,NA,"other"
"456___",NA,NA,NA,NA,NA,NA,NA,NA,NA,NA,NA,NA,"other"
"457___",NA,NA,NA,NA,NA,NA,NA,NA,NA,NA,NA,NA,"other"
"458___",NA,NA,NA,NA,NA,NA,NA,NA,NA,NA,NA,NA,"other"
"459___",NA,NA,NA,NA,NA,NA,NA,NA,NA,NA,NA,NA,"other"
"460___",NA,NA,NA,NA,NA,NA,NA,NA,NA,NA,NA,NA,"other"
"461___",NA,NA,NA,NA,NA,NA,NA,NA,NA,NA,NA,NA,"other"
"462___",NA,NA,NA,NA,NA,NA,NA,NA,NA,NA,NA,NA,"other"
"463___",NA,NA,NA,NA,NA,NA,NA,NA,NA,NA,NA,NA,"other"
"464___",NA,NA,NA,NA,NA,NA,NA,NA,NA,NA,NA,NA,"other"
"465___",NA,NA,NA,NA,NA,NA,NA,NA,NA,NA,NA,NA,"other"
"466___",NA,NA,NA,NA,NA,NA,NA,NA,NA,NA,NA,NA,"other"
"467___",NA,NA,NA,NA,NA,NA,NA,NA,NA,NA,NA,NA,"other"
"468___",NA,"-3.5155e-05",NA,NA,NA,NA,NA,NA,NA,NA,NA,NA,"other"
"469___",NA,"-7.634641e-06",NA,NA,NA,NA,NA,NA,NA,NA,NA,NA,"other"
"470___",NA,NA,NA,NA,NA,NA,NA,NA,"-0.0001437433",NA,NA,NA,"other"
"471___",NA,NA,NA,NA,NA,NA,NA,NA,"-4.884819e-05",NA,NA,NA,"other"
"472___",NA,NA,NA,NA,NA,NA,NA,NA,NA,NA,NA,NA,"other"
"473___",NA,NA,NA,NA,"-4.423122e-05",NA,NA,NA,NA,NA,NA,NA,"other"
"474___",NA,NA,NA,NA,"-5.788977e-05",NA,NA,NA,NA,NA,NA,NA,"other"
"475___",NA,NA,NA,NA,"-4.306214e-05",NA,NA,NA,NA,NA,NA,NA,"other"
"476___",NA,NA,NA,NA,"-3.450062e-05",NA,NA,NA,NA,NA,NA,NA,"other"
"477___",NA,NA,NA,NA,"-2.263036e-05",NA,NA,NA,"-2.263036e-05",NA,NA,NA,"other"
"478___",NA,NA,NA,NA,"-1.555645e-05",NA,NA,NA,"-1.555645e-05",NA,NA,NA,"other"
"479___",NA,NA,NA,NA,"-2.117234e-05",NA,NA,NA,"-2.117234e-05",NA,NA,NA,"other"
"480___",NA,NA,NA,NA,"-1.813294e-05",NA,NA,NA,"-1.813294e-05",NA,NA,NA,"other"
"481___",NA,"-1.063101e-05",NA,NA,"-1.063101e-05",NA,NA,NA,"-1.063101e-05",NA,NA,NA,"other"
"482___",NA,"-7.65446e-06",NA,NA,"-7.65446e-06",NA,NA,NA,"-7.65446e-06",NA,NA,NA,"other"
"483___",NA,"-6.355193e-06",NA,NA,"-6.355193e-06",NA,NA,NA,"-6.355193e-06",NA,NA,NA,"other"
"484___",NA,"-4.826074e-06",NA,NA,"-4.826074e-06",NA,NA,NA,"-4.826074e-06",NA,NA,NA,"other"
"485___",NA,"-6.420276e-06",NA,NA,"-6.420276e-06",NA,NA,NA,"-6.420276e-06",NA,NA,NA,"other"
"486___",NA,"-4.248032e-06",NA,NA,"-4.248032e-06",NA,NA,NA,"-4.248032e-06",NA,NA,NA,"other"
"487___",NA,"-5.118492e-06",NA,NA,"-5.118492e-06",NA,NA,NA,"-5.118492e-06",NA,NA,NA,"other"
"488___","-3.091346e-06","-3.091346e-06","-3.091346e-06","-3.091346e-06","-3.091346e-06","-3.091346e-06",NA,"-3.091346e-06","-3.091346e-06","-3.091346e-06",NA,NA,"other"
"489___","-1.480946e-06","-1.480946e-06","-1.480946e-06","-1.480946e-06","-1.480946e-06","-1.480946e-06",NA,"-1.480946e-06","-1.480946e-06","-1.480946e-06",NA,NA,"other"
"490___","-3.391261e-06","-3.391261e-06","-3.391261e-06","-3.391261e-06","-3.391261e-06","-3.391261e-06","-3.391261e-06","-3.391261e-06","-3.391261e-06","-3.391261e-06",NA,"-3.391261e-06","other"
"491___","-2.539207e-06","-2.539207e-06","-2.539207e-06","-2.539207e-06","-2.539207e-06","-2.539207e-06","-2.539207e-06","-2.539207e-06","-2.539207e-06","-2.539207e-06",NA,"-2.539207e-06","other"
"492___","-3.419411e-06","-3.419411e-06","-3.419411e-06","-3.419411e-06","-3.419411e-06","-3.419411e-06","-3.419411e-06","-3.419411e-06","-3.419411e-06","-3.419411e-06",NA,"-3.419411e-06","other"
"493___","-3.341436e-06","-3.341436e-06","-3.341436e-06","-3.341436e-06","-3.341436e-06","-3.341436e-06","-3.341436e-06","-3.341436e-06","-3.341436e-06","-3.341436e-06",NA,"-3.341436e-06","other"
"494___","-2.951983e-06","-2.951983e-06","-2.951983e-06","-2.951983e-06","-2.951983e-06","-2.951983e-06","-2.951983e-06","-2.951983e-06","-2.951983e-06","-2.951983e-06",NA,"-2.951983e-06","other"
"495___","-2.641756e-06","-2.641756e-06","-2.641756e-06","-2.641756e-06","-2.641756e-06","-2.641756e-06","-2.641756e-06","-2.641756e-06","-2.641756e-06","-2.641756e-06",NA,"-2.641756e-06","other"
"496___","-2.453386e-06","-2.453386e-06","-2.453386e-06","-2.453386e-06","-2.453386e-06","-2.453386e-06","-2.453386e-06","-2.453386e-06","-2.453386e-06","-2.453386e-06",NA,"-2.453386e-06","other"
"497___","-2.965283e-06","-2.965283e-06","-2.965283e-06","-2.965283e-06","-2.965283e-06","-2.965283e-06","-2.965283e-06","-2.965283e-06","-2.965283e-06","-2.965283e-06",NA,"-2.965283e-06","other"
"498___","5.818128e-07","5.818128e-07","5.818128e-07","5.818128e-07","5.818128e-07","5.818128e-07","5.818128e-07","5.818128e-07","5.818128e-07","5.818128e-07","5.818128e-07","5.818128e-07","other"
"499___","-1.830262e-06","-1.830262e-06","-1.830262e-06","-1.830262e-06","-1.830262e-06","-1.830262e-06","-1.830262e-06","-1.830262e-06","-1.830262e-06","-1.830262e-06","-1.830262e-06","-1.830262e-06","other"
"500___","-2.300324e-06","-2.300324e-06","-2.300324e-06","-2.300324e-06","-2.300324e-06","-2.300324e-06","-2.300324e-06","-2.300324e-06","-2.300324e-06","-2.300324e-06","-2.300324e-06","-2.300324e-06","other"
"501___","-3.058385e-06","-3.058385e-06","-3.058385e-06","-3.058385e-06","-3.058385e-06","-3.058385e-06","-3.058385e-06","-3.058385e-06","-3.058385e-06","-3.058385e-06","-3.058385e-06","-3.058385e-06","other"
"502___","1.272082e-06","1.272082e-06","1.272082e-06","1.272082e-06","1.272082e-06","1.272082e-06","1.272082e-06","1.272082e-06","1.272082e-06","1.272082e-06","1.272082e-06","1.272082e-06","other"
"503___","-9.688e-07","-9.688e-07","-9.688e-07","-9.688e-07","-9.688e-07","-9.688e-07","-9.688e-07","-9.688e-07","-9.688e-07","-9.688e-07","-9.688e-07","-9.688e-07","other"
"504___","-1.576866e-06","-1.576866e-06","-1.576866e-06","-1.576866e-06","-1.576866e-06","-1.576866e-06","-1.576866e-06","-1.576866e-06","-1.576866e-06","-1.576866e-06","-1.576866e-06","-1.576866e-06","other"
"505___","-1.187758e-06","-1.187758e-06","-1.187758e-06","-1.187758e-06","-1.187758e-06","-1.187758e-06","-1.187758e-06","-1.187758e-06","-1.187758e-06","-1.187758e-06","-1.187758e-06","-1.187758e-06","other"
"506___","-2.390376e-06","-2.390376e-06","-2.390376e-06","-2.390376e-06","-2.390376e-06","-2.390376e-06","-2.390376e-06","-2.390376e-06","-2.390376e-06","-2.390376e-06","-2.390376e-06","-2.390376e-06","other"
"508___",NA,NA,NA,NA,NA,NA,NA,NA,NA,NA,NA,NA,"other"
"abbreviata",NA,NA,NA,NA,NA,NA,NA,NA,NA,NA,NA,NA,"meso-endemic"
"acanthaster",NA,NA,NA,NA,NA,NA,NA,NA,NA,NA,NA,NA,"other"
"acanthoclada",NA,NA,NA,"9.307874e-05",NA,"9.307874e-05","9.307874e-05","9.307874e-05",NA,NA,NA,NA,"other"
"acinacea",NA,NA,NA,NA,NA,NA,NA,NA,NA,NA,NA,NA,"other"
"aciphylla",NA,NA,NA,NA,NA,NA,NA,NA,NA,NA,NA,NA,"other"
"acoma",NA,NA,NA,NA,NA,NA,NA,NA,NA,NA,NA,NA,"other"
"acradenia",NA,NA,NA,NA,NA,NA,NA,NA,NA,NA,NA,NA,"other"
"acrionastes",NA,NA,NA,NA,NA,NA,NA,NA,NA,NA,NA,NA,"neo-endemic"
"acuaria",NA,NA,NA,"-0.0002825183",NA,"-0.0002825183",NA,NA,NA,NA,NA,NA,"other"
"aculeatissima",NA,NA,NA,NA,NA,NA,NA,NA,NA,NA,NA,NA,"other"
"acuminata",NA,NA,NA,NA,NA,"-4.666422e-05","-4.666422e-05","-4.666422e-05",NA,NA,NA,NA,"other"
"acutata",NA,NA,NA,NA,NA,NA,NA,NA,NA,NA,NA,NA,"other"
"adinophylla",NA,NA,NA,NA,NA,NA,NA,NA,NA,NA,NA,NA,"paleo-endemic"
"adnata",NA,NA,NA,NA,NA,NA,NA,NA,NA,NA,NA,NA,"neo-endemic"
"adoxa",NA,"-6.041402e-05",NA,NA,NA,NA,NA,NA,NA,NA,NA,NA,"other"
"adsurgens",NA,"-4.77892e-05",NA,NA,NA,NA,NA,NA,NA,NA,NA,NA,"other"
"adunca",NA,NA,NA,NA,NA,NA,NA,NA,NA,NA,NA,NA,"other"
"aemula",NA,NA,NA,NA,NA,NA,"-0.0001349671",NA,NA,NA,NA,NA,"other"
"aestivalis",NA,NA,NA,NA,NA,"-8.332766e-05",NA,NA,NA,NA,NA,NA,"other"
"alata",NA,NA,NA,NA,NA,NA,NA,NA,NA,NA,NA,NA,"other"
"alcockii",NA,NA,NA,NA,NA,NA,NA,NA,NA,NA,NA,NA,"meso-endemic"
"alexandri",NA,NA,NA,NA,NA,NA,NA,NA,NA,NA,NA,NA,"paleo-endemic"
"alpina",NA,NA,NA,NA,NA,NA,NA,NA,NA,NA,NA,NA,"other"
"amblygona",NA,NA,NA,NA,"0.0001021229",NA,NA,NA,NA,NA,NA,NA,"other"
"amblyophylla",NA,NA,NA,NA,NA,NA,NA,NA,NA,NA,NA,NA,"paleo-endemic"
"ammobia",NA,NA,NA,NA,NA,NA,NA,NA,NA,NA,NA,NA,"other"
"ampliceps",NA,NA,NA,NA,NA,NA,NA,NA,NA,NA,NA,NA,"other"
"amyctica",NA,NA,NA,NA,NA,NA,NA,NA,NA,NA,NA,NA,"neo-endemic"
"anasilla",NA,NA,NA,NA,NA,NA,NA,NA,NA,NA,NA,NA,"meso-endemic"
"anastema",NA,NA,NA,NA,NA,NA,NA,NA,NA,NA,NA,NA,"meso-endemic"
"anaticeps",NA,NA,NA,NA,NA,NA,NA,NA,NA,NA,NA,"0.00144748","other"
"anceps",NA,NA,NA,NA,NA,NA,NA,NA,NA,NA,NA,NA,"other"
"ancistrocarpa",NA,NA,NA,NA,NA,NA,NA,NA,NA,NA,NA,NA,"other"
"ancistrophylla",NA,NA,NA,NA,NA,NA,NA,NA,NA,NA,NA,NA,"other"
"andrewsii",NA,NA,NA,NA,NA,NA,"0.0002539233",NA,NA,NA,NA,NA,"other"
"aneura",NA,"-6.7123e-06","-6.7123e-06","-6.7123e-06",NA,"-6.7123e-06",NA,"-6.7123e-06",NA,NA,NA,NA,"other"
"anfractuosa",NA,NA,NA,NA,NA,NA,NA,NA,NA,NA,NA,NA,"other"
"angusta",NA,NA,NA,NA,NA,NA,NA,NA,NA,NA,NA,NA,"other"
"anthochaera",NA,NA,NA,NA,NA,NA,NA,"-0.000322346",NA,NA,NA,NA,"other"
"aphanoclada",NA,NA,NA,NA,NA,NA,NA,NA,NA,NA,NA,NA,"paleo-endemic"
"aphylla",NA,NA,NA,NA,NA,NA,NA,NA,NA,NA,NA,NA,"paleo-endemic"
"applanata",NA,NA,NA,NA,NA,"0.001913034",NA,NA,NA,NA,NA,NA,"other"
"aprepta",NA,NA,NA,NA,NA,NA,NA,NA,NA,NA,NA,NA,"other"
"aprica",NA,NA,NA,NA,NA,NA,NA,NA,NA,NA,NA,NA,"neo-endemic"
"araneosa",NA,NA,"-0.002016316",NA,NA,NA,NA,NA,NA,NA,NA,NA,"neo-endemic"
"arcuatilis",NA,NA,NA,NA,NA,NA,NA,NA,NA,NA,NA,NA,"neo-endemic"
"areolata",NA,NA,NA,NA,NA,NA,NA,NA,NA,NA,NA,NA,"neo-endemic"
"argutifolia",NA,NA,NA,NA,NA,NA,NA,NA,NA,NA,NA,NA,"meso-endemic"
"argyraea",NA,NA,NA,NA,NA,NA,NA,NA,NA,NA,NA,NA,"other"
"argyrodendron",NA,NA,NA,NA,NA,NA,NA,NA,NA,NA,NA,NA,"other"
"argyrophylla",NA,NA,"-0.0002560553",NA,NA,NA,NA,NA,NA,NA,NA,NA,"other"
"arida",NA,NA,NA,NA,NA,NA,NA,NA,NA,NA,NA,NA,"other"
"armitii",NA,NA,NA,NA,NA,NA,NA,NA,NA,NA,NA,NA,"other"
"arrecta",NA,NA,NA,NA,NA,NA,NA,NA,NA,NA,NA,NA,"other"
"ashbyae",NA,NA,NA,NA,NA,NA,NA,NA,NA,NA,NA,NA,"other"
"aspera",NA,NA,NA,NA,NA,NA,NA,NA,NA,NA,NA,NA,"other"
"asperulacea",NA,NA,NA,NA,NA,NA,NA,NA,NA,NA,NA,NA,"other"
"assimilis",NA,NA,NA,"-6.979458e-05",NA,"-6.979458e-05","-6.979458e-05","-6.979458e-05",NA,NA,NA,NA,"other"
"ataxiphylla",NA,NA,NA,NA,NA,NA,NA,NA,NA,NA,NA,NA,"meso-endemic"
"atkinsiana",NA,NA,NA,NA,NA,NA,NA,NA,NA,NA,NA,NA,"other"
"atrox",NA,NA,NA,NA,NA,NA,NA,NA,NA,NA,NA,NA,"neo-endemic"
"attenuata",NA,NA,NA,NA,NA,NA,NA,NA,NA,NA,NA,NA,"other"
"aulacocarpa",NA,NA,NA,NA,NA,NA,NA,NA,NA,NA,NA,NA,"other"
"aulacophylla",NA,NA,NA,NA,NA,NA,NA,"-0.0002072377",NA,NA,NA,NA,"other"
"auratiflora",NA,NA,NA,NA,NA,NA,"0.009757913",NA,NA,NA,NA,NA,"paleo-endemic"
"aureocrinita",NA,NA,NA,NA,NA,NA,NA,NA,NA,NA,NA,NA,"neo-endemic"
"auricoma",NA,NA,NA,NA,NA,NA,NA,NA,NA,NA,NA,NA,"meso-endemic"
"auriculiformis",NA,NA,NA,NA,NA,NA,NA,NA,NA,NA,NA,NA,"other"
"auronitens",NA,NA,NA,NA,NA,NA,NA,NA,NA,NA,NA,NA,"other"
"ausfeldii",NA,NA,NA,NA,NA,NA,NA,NA,NA,NA,NA,NA,"other"
"axillaris",NA,NA,NA,NA,NA,NA,NA,NA,NA,NA,NA,NA,"other"
"ayersiana",NA,NA,NA,NA,NA,NA,NA,NA,NA,NA,NA,NA,"other"
"baeuerlenii",NA,NA,NA,NA,NA,NA,NA,NA,NA,NA,NA,NA,"other"
"baileyana",NA,NA,NA,NA,NA,NA,NA,NA,NA,NA,NA,NA,"other"
"bakeri",NA,NA,NA,NA,NA,NA,NA,NA,NA,NA,NA,NA,"other"
"balsamea",NA,NA,NA,NA,NA,NA,NA,NA,NA,NA,NA,NA,"other"
"bancroftiorum",NA,NA,NA,NA,NA,NA,NA,NA,NA,NA,NA,NA,"other"
"barattensis",NA,NA,"0.004111101",NA,NA,NA,NA,NA,NA,NA,NA,NA,"paleo-endemic"
"barringtonensis",NA,NA,NA,NA,NA,NA,NA,NA,NA,NA,NA,NA,"meso-endemic"
"bartleana",NA,NA,NA,NA,NA,NA,NA,NA,NA,NA,NA,NA,"neo-endemic"
"basedowii",NA,"0.0002938056",NA,NA,NA,NA,NA,NA,NA,NA,NA,NA,"other"
"baueri",NA,NA,NA,NA,NA,NA,NA,NA,NA,NA,NA,NA,"other"
"baxteri",NA,NA,NA,NA,NA,NA,NA,NA,NA,NA,NA,NA,"meso-endemic"
"beadleana",NA,NA,NA,NA,NA,NA,NA,NA,NA,NA,NA,NA,"paleo-endemic"
"beauverdiana",NA,NA,NA,NA,NA,NA,NA,NA,NA,NA,NA,NA,"other"
"beckleri",NA,NA,"-2.988619e-05",NA,NA,NA,NA,NA,NA,NA,NA,NA,"other"
"benthamii",NA,NA,NA,NA,NA,NA,NA,NA,NA,NA,NA,NA,"neo-endemic"
"betchei",NA,NA,NA,NA,NA,NA,NA,NA,NA,NA,NA,NA,"other"
"bidentata",NA,NA,NA,NA,NA,"0.0002821841","0.0002821841",NA,NA,NA,NA,NA,"other"
"bifaria",NA,NA,NA,NA,NA,NA,NA,NA,NA,NA,NA,NA,"neo-endemic"
"biflora",NA,NA,NA,NA,NA,NA,"0.0005000474",NA,NA,NA,NA,NA,"other"
"binata",NA,NA,NA,NA,NA,NA,"-0.0002811566",NA,NA,NA,NA,NA,"other"
"binervata",NA,NA,NA,NA,"-0.0002110834",NA,NA,NA,NA,NA,NA,NA,"other"
"binervia",NA,NA,NA,NA,"-0.0001138688",NA,NA,NA,NA,NA,NA,NA,"other"
"bivenosa",NA,"2.964321e-05",NA,NA,NA,NA,NA,NA,NA,NA,NA,NA,"other"
"blakei",NA,NA,NA,NA,NA,NA,NA,NA,NA,NA,NA,NA,"other"
"blakelyi",NA,NA,NA,NA,NA,"0.0001657668",NA,NA,NA,NA,NA,NA,"other"
"blayana",NA,NA,NA,NA,NA,NA,NA,NA,NA,NA,NA,NA,"neo-endemic"
"boormanii",NA,NA,NA,NA,NA,NA,NA,NA,NA,NA,NA,NA,"other"
"brachybotrya",NA,NA,NA,NA,NA,NA,NA,NA,NA,NA,NA,NA,"other"
"brachyclada",NA,NA,NA,NA,NA,NA,"0.0008143363",NA,NA,NA,NA,NA,"other"
"brachyphylla",NA,NA,NA,NA,NA,NA,NA,NA,NA,NA,NA,NA,"other"
"brachypoda",NA,NA,NA,NA,NA,NA,NA,NA,NA,NA,NA,NA,"meso-endemic"
"brachystachya",NA,NA,"-1.281959e-05",NA,NA,NA,NA,NA,NA,NA,NA,NA,"other"
"bracteolata",NA,NA,NA,NA,NA,NA,NA,NA,NA,NA,NA,NA,"meso-endemic"
"brassii",NA,NA,NA,NA,NA,NA,NA,NA,NA,NA,NA,NA,"other"
"brockii",NA,NA,NA,NA,NA,NA,NA,NA,NA,NA,NA,NA,"meso-endemic"
"bromilowiana",NA,NA,NA,NA,NA,NA,NA,NA,NA,NA,NA,NA,"meso-endemic"
"browniana",NA,NA,NA,NA,NA,NA,NA,NA,NA,NA,NA,NA,"other"
"bulgaensis",NA,NA,NA,NA,"-0.001606989",NA,NA,NA,NA,NA,NA,NA,"neo-endemic"
"burkittii",NA,NA,"-1.940701e-05","-1.940701e-05",NA,NA,NA,"-1.940701e-05",NA,NA,NA,NA,"other"
"buxifolia",NA,NA,NA,NA,"0.0001050516",NA,NA,NA,NA,NA,NA,NA,"other"
"caesiella",NA,NA,NA,NA,NA,NA,NA,NA,NA,NA,NA,NA,"other"
"calamifolia",NA,NA,"-3.915971e-05",NA,NA,NA,NA,NA,NA,NA,NA,NA,"other"
"calantha",NA,NA,NA,NA,NA,NA,NA,NA,NA,NA,NA,NA,"meso-endemic"
"calcicola",NA,NA,NA,NA,NA,NA,NA,NA,NA,NA,NA,NA,"other"
"camptoclada",NA,NA,NA,NA,NA,NA,NA,NA,NA,NA,NA,NA,"other"
"campylophylla",NA,NA,NA,NA,NA,"0.001431431",NA,NA,NA,NA,NA,NA,"meso-endemic"
"cana",NA,NA,NA,NA,NA,NA,NA,NA,NA,NA,NA,NA,"other"
"cangaiensis",NA,NA,NA,NA,NA,NA,NA,NA,NA,NA,NA,NA,"neo-endemic"
"cardiophylla",NA,NA,NA,NA,NA,NA,NA,NA,NA,NA,NA,NA,"other"
"carneorum",NA,NA,NA,NA,NA,NA,NA,NA,NA,NA,NA,NA,"other"
"carnosula",NA,NA,NA,NA,NA,NA,NA,NA,NA,NA,NA,NA,"paleo-endemic"
"caroleae",NA,NA,NA,NA,NA,NA,NA,NA,NA,NA,NA,NA,"other"
"catenulata",NA,NA,NA,NA,NA,NA,NA,NA,NA,NA,NA,NA,"other"
"cavealis",NA,NA,NA,NA,NA,NA,NA,NA,NA,NA,NA,NA,"meso-endemic"
"cedroides",NA,NA,NA,NA,NA,NA,NA,NA,NA,NA,NA,NA,"meso-endemic"
"celastrifolia",NA,NA,NA,NA,NA,NA,"0.0004297211",NA,NA,NA,NA,NA,"other"
"celsa",NA,NA,NA,NA,NA,NA,NA,NA,NA,NA,NA,NA,"other"
"chartacea",NA,NA,NA,NA,NA,NA,NA,NA,NA,NA,NA,NA,"other"
"cheelii",NA,NA,NA,NA,NA,NA,NA,NA,NA,NA,NA,NA,"other"
"chinchillensis",NA,NA,NA,NA,NA,NA,NA,NA,NA,NA,NA,NA,"meso-endemic"
"chisholmii",NA,NA,NA,NA,NA,NA,NA,NA,NA,NA,NA,NA,"other"
"chrysotricha",NA,NA,NA,NA,NA,NA,NA,NA,NA,NA,NA,NA,"meso-endemic"
"citrinoviridis",NA,NA,NA,NA,NA,NA,NA,NA,NA,NA,NA,NA,"other"
"clelandii",NA,NA,NA,NA,NA,NA,NA,NA,NA,NA,NA,NA,"other"
"clunies",NA,NA,NA,NA,NA,NA,NA,NA,NA,NA,NA,NA,"neo-endemic"
"clydonophora",NA,NA,NA,NA,NA,NA,NA,NA,NA,NA,NA,NA,"meso-endemic"
"cochlearis",NA,NA,NA,NA,NA,NA,"9.651273e-05",NA,NA,NA,NA,NA,"other"
"cognata",NA,NA,NA,NA,NA,NA,NA,NA,NA,NA,NA,NA,"other"
"colei",NA,NA,NA,NA,NA,NA,NA,NA,NA,NA,NA,NA,"other"
"colletioides",NA,NA,NA,NA,NA,NA,NA,NA,NA,NA,NA,NA,"other"
"complanata",NA,NA,NA,NA,NA,NA,NA,NA,NA,NA,NA,NA,"other"
"concurrens",NA,NA,NA,NA,NA,NA,NA,NA,NA,NA,NA,NA,"other"
"conferta",NA,NA,NA,NA,NA,NA,NA,NA,NA,NA,NA,NA,"other"
"congesta",NA,NA,NA,NA,NA,"0.001446315",NA,NA,NA,NA,NA,NA,"other"
"consobrina",NA,NA,NA,NA,NA,NA,"0.0005865106",NA,NA,NA,NA,NA,"other"
"conspersa",NA,NA,NA,NA,NA,NA,NA,NA,NA,NA,NA,NA,"other"
"constablei",NA,NA,NA,NA,NA,NA,NA,NA,NA,NA,NA,NA,"paleo-endemic"
"continua",NA,NA,"6.405845e-05",NA,NA,NA,NA,NA,NA,NA,NA,NA,"other"
"coolgardiensis",NA,NA,NA,NA,NA,"6.122007e-05",NA,"6.122007e-05",NA,"6.122007e-05",NA,NA,"other"
"coriacea","-4.708639e-05",NA,NA,NA,NA,NA,NA,NA,NA,NA,NA,NA,"other"
"costata",NA,NA,NA,NA,NA,"0.001350569",NA,NA,NA,NA,NA,NA,"other"
"courtii",NA,NA,NA,NA,NA,NA,NA,NA,NA,NA,NA,NA,"neo-endemic"
"covenyi",NA,NA,NA,NA,NA,NA,NA,NA,NA,NA,NA,NA,"meso-endemic"
"cowleana",NA,"4.351924e-05",NA,NA,NA,NA,NA,NA,NA,NA,NA,NA,"other"
"craspedocarpa",NA,NA,NA,"-0.0001217961",NA,NA,NA,NA,NA,"-0.0001217961",NA,NA,"other"
"crassa",NA,NA,NA,NA,"-6.821644e-05",NA,NA,NA,NA,NA,NA,NA,"other"
"crassicarpa",NA,NA,NA,NA,NA,NA,NA,NA,NA,NA,NA,NA,"other"
"crassiuscula",NA,NA,NA,NA,NA,NA,NA,NA,NA,NA,NA,NA,"other"
"cremiflora",NA,NA,NA,NA,NA,NA,NA,NA,NA,NA,NA,NA,"other"
"cultriformis",NA,NA,NA,NA,NA,NA,NA,NA,NA,NA,NA,NA,"other"
"cupularis",NA,NA,NA,NA,NA,"-4.59289e-05","-4.59289e-05",NA,NA,NA,NA,NA,"other"
"curranii",NA,NA,NA,NA,NA,NA,NA,NA,NA,NA,NA,NA,"other"
"curvata",NA,NA,NA,NA,NA,NA,NA,NA,NA,NA,NA,NA,"meso-endemic"
"cuspidifolia",NA,NA,NA,NA,NA,NA,NA,NA,NA,NA,NA,NA,"other"
"cuthbertsonii",NA,NA,NA,NA,NA,NA,NA,NA,NA,NA,NA,NA,"other"
"cyclops",NA,NA,NA,NA,NA,NA,"0.0005151156",NA,NA,NA,NA,NA,"other"
"cyperophylla",NA,NA,NA,NA,NA,NA,NA,NA,NA,NA,NA,NA,"other"
"dangarensis",NA,NA,NA,NA,NA,NA,NA,NA,NA,NA,NA,NA,"paleo-endemic"
"dawsonii",NA,NA,NA,NA,NA,NA,NA,NA,NA,NA,NA,NA,"other"
"dealbata",NA,NA,NA,NA,NA,NA,NA,NA,NA,NA,NA,NA,"other"
"deanei",NA,NA,NA,NA,"-3.961881e-05",NA,NA,NA,NA,NA,NA,NA,"other"
"debilis",NA,NA,NA,NA,NA,NA,NA,NA,NA,NA,NA,NA,"other"
"declinata",NA,NA,NA,NA,NA,NA,"-0.000345516",NA,NA,NA,NA,NA,"meso-endemic"
"decora",NA,NA,NA,NA,"2.325858e-05",NA,NA,NA,NA,NA,NA,NA,"other"
"decurrens",NA,NA,NA,NA,NA,NA,NA,NA,NA,NA,NA,NA,"other"
"delibrata",NA,NA,NA,NA,NA,NA,NA,NA,NA,NA,NA,NA,"other"
"delphina",NA,NA,NA,NA,NA,NA,NA,NA,NA,NA,NA,NA,"other"
"dempsteri",NA,NA,NA,NA,NA,NA,NA,NA,NA,NA,NA,NA,"other"
"denticulosa",NA,NA,NA,NA,NA,"-0.0009291408",NA,NA,NA,NA,NA,NA,"neo-endemic"
"desmondii",NA,NA,NA,NA,NA,NA,NA,NA,NA,NA,NA,NA,"neo-endemic"
"diallaga",NA,NA,NA,NA,NA,NA,NA,"-0.004193603",NA,NA,NA,NA,"neo-endemic"
"dictyoneura",NA,NA,NA,NA,NA,NA,NA,NA,NA,NA,NA,NA,"neo-endemic"
"dictyophleba",NA,"1.27698e-05",NA,NA,NA,NA,NA,NA,NA,NA,NA,NA,"other"
"didyma","-0.004520294",NA,NA,NA,NA,NA,NA,NA,NA,NA,NA,NA,"neo-endemic"
"difficilis",NA,NA,NA,NA,NA,NA,NA,NA,NA,NA,NA,NA,"other"
"dimidiata",NA,NA,NA,NA,NA,NA,NA,NA,NA,NA,NA,NA,"other"
"diphylla",NA,NA,NA,NA,NA,NA,NA,NA,NA,NA,NA,NA,"meso-endemic"
"disparrima",NA,NA,NA,NA,NA,NA,NA,NA,NA,NA,NA,NA,"other"
"distans",NA,NA,NA,NA,NA,NA,NA,NA,NA,NA,NA,NA,"other"
"dodonaeifolia",NA,NA,NA,NA,NA,NA,NA,NA,NA,NA,NA,NA,"other"
"dolichophylla",NA,"0.008619193",NA,NA,NA,NA,NA,NA,NA,NA,NA,NA,"paleo-endemic"
"doratoxylon",NA,NA,NA,NA,NA,NA,NA,NA,NA,NA,NA,NA,"other"
"dorothea",NA,NA,NA,NA,NA,NA,NA,NA,NA,NA,NA,NA,"other"
"drepanocarpa",NA,NA,NA,NA,NA,NA,NA,NA,NA,NA,NA,NA,"other"
"drepanophylla",NA,NA,NA,NA,NA,NA,NA,NA,NA,NA,NA,NA,"meso-endemic"
"drummondii",NA,NA,NA,NA,NA,NA,NA,NA,NA,NA,NA,NA,"other"
"dunnii",NA,NA,NA,NA,NA,NA,NA,NA,NA,NA,NA,NA,"other"
"elachantha",NA,NA,NA,NA,NA,NA,NA,NA,NA,NA,NA,NA,"other"
"elata",NA,NA,NA,NA,NA,NA,NA,NA,NA,NA,NA,NA,"other"
"elongata",NA,NA,NA,NA,"-8.862377e-05",NA,NA,NA,NA,NA,NA,NA,"other"
"empelioclada",NA,NA,NA,NA,NA,NA,NA,NA,NA,NA,NA,NA,"meso-endemic"
"enervia",NA,NA,NA,NA,NA,NA,NA,NA,NA,NA,NA,NA,"other"
"enterocarpa",NA,NA,NA,NA,NA,NA,NA,NA,NA,NA,NA,NA,"other"
"epacantha",NA,NA,NA,NA,NA,NA,NA,NA,NA,NA,NA,NA,"meso-endemic"
"eriopoda",NA,NA,NA,NA,NA,NA,NA,NA,NA,NA,NA,NA,"other"
"errabunda",NA,NA,NA,NA,NA,NA,"0.0001835348",NA,NA,NA,NA,NA,"meso-endemic"
"estrophiolata",NA,"7.971307e-05",NA,NA,NA,NA,NA,NA,NA,NA,NA,NA,"other"
"euthycarpa",NA,NA,NA,NA,NA,NA,NA,NA,NA,NA,NA,NA,"other"
"excelsa",NA,NA,NA,NA,NA,NA,NA,NA,NA,NA,NA,NA,"other"
"excentrica",NA,NA,NA,NA,NA,NA,NA,NA,NA,NA,NA,NA,"other"
"exilis",NA,NA,NA,NA,NA,NA,NA,NA,NA,NA,NA,NA,"meso-endemic"
"extensa",NA,NA,NA,NA,NA,NA,NA,NA,NA,NA,NA,NA,"other"
"fagonioides",NA,NA,NA,NA,NA,NA,NA,NA,NA,NA,NA,NA,"meso-endemic"
"falcata",NA,NA,NA,NA,"-0.0001015796",NA,NA,NA,NA,NA,NA,NA,"other"
"falciformis",NA,NA,NA,NA,"-2.843744e-05",NA,NA,NA,NA,NA,NA,NA,"other"
"faucium",NA,NA,NA,NA,NA,NA,NA,NA,NA,NA,NA,NA,"neo-endemic"
"fecunda",NA,NA,NA,NA,NA,NA,NA,NA,NA,NA,NA,NA,"meso-endemic"
"filicifolia",NA,NA,NA,NA,"-0.0001368084",NA,NA,NA,NA,NA,NA,NA,"other"
"fimbriata",NA,NA,NA,NA,NA,NA,NA,NA,NA,NA,NA,NA,"other"
"flexifolia",NA,NA,NA,NA,NA,NA,NA,NA,NA,NA,NA,NA,"other"
"floribunda",NA,NA,NA,NA,NA,NA,NA,NA,NA,NA,NA,NA,"other"
"fragilis",NA,NA,NA,NA,NA,"-6.497662e-05",NA,NA,NA,NA,NA,NA,"other"
"fulva",NA,NA,NA,NA,"-0.0004837296",NA,NA,NA,NA,NA,NA,NA,"meso-endemic"
"gardneri",NA,NA,NA,NA,NA,NA,NA,NA,NA,NA,NA,NA,"other"
"gelasina",NA,NA,NA,NA,NA,NA,NA,NA,NA,NA,NA,NA,"meso-endemic"
"genistifolia",NA,NA,NA,NA,NA,NA,NA,NA,NA,NA,NA,NA,"other"
"georginae",NA,NA,NA,NA,NA,NA,NA,NA,NA,NA,NA,NA,"other"
"gilbertii",NA,NA,NA,NA,NA,NA,NA,NA,NA,NA,NA,NA,"other"
"gillii",NA,NA,NA,NA,NA,NA,NA,NA,NA,NA,NA,NA,"meso-endemic"
"gittinsii",NA,NA,NA,NA,NA,NA,NA,NA,NA,NA,NA,NA,"other"
"gladiiformis",NA,NA,NA,NA,NA,NA,NA,NA,NA,NA,NA,NA,"other"
"glaucissima",NA,NA,NA,NA,NA,NA,NA,NA,NA,NA,NA,NA,"meso-endemic"
"glaucocarpa",NA,NA,NA,NA,NA,NA,NA,NA,NA,NA,NA,NA,"other"
"glaucoptera",NA,NA,NA,NA,NA,NA,"-0.0001846415",NA,NA,NA,NA,NA,"other"
"gnidium",NA,NA,NA,NA,NA,NA,NA,NA,NA,NA,NA,NA,"other"
"gonocarpa",NA,NA,NA,NA,NA,NA,NA,NA,NA,NA,NA,NA,"other"
"gonoclada",NA,NA,NA,NA,NA,NA,NA,NA,NA,NA,NA,NA,"other"
"gonophylla",NA,NA,NA,NA,NA,NA,"0.0006982349",NA,NA,NA,NA,NA,"other"
"gracillima",NA,NA,NA,NA,NA,NA,NA,NA,NA,NA,NA,NA,"other"
"grandifolia",NA,NA,NA,NA,NA,NA,NA,NA,NA,NA,NA,NA,"neo-endemic"
"grasbyi",NA,NA,NA,"-0.0001022131",NA,NA,NA,"-0.0001022131",NA,NA,NA,NA,"other"
"gregorii",NA,NA,NA,NA,NA,NA,NA,NA,NA,NA,NA,NA,"other"
"guinetii",NA,NA,NA,NA,NA,NA,NA,NA,NA,NA,NA,NA,"neo-endemic"
"hakeoides",NA,NA,NA,NA,NA,NA,NA,NA,NA,NA,NA,NA,"other"
"halliana",NA,NA,NA,NA,NA,NA,NA,NA,NA,NA,NA,NA,"other"
"hamersleyensis",NA,NA,NA,NA,NA,NA,NA,NA,NA,NA,NA,NA,"other"
"hammondii",NA,NA,NA,NA,NA,NA,NA,NA,NA,NA,NA,NA,"other"
"harpophylla",NA,NA,NA,NA,NA,NA,NA,NA,NA,NA,NA,NA,"other"
"harveyi",NA,NA,NA,NA,NA,NA,"-0.0003578496",NA,NA,NA,NA,NA,"other"
"hastulata",NA,NA,NA,NA,NA,NA,NA,NA,NA,NA,NA,NA,"other"
"havilandiorum",NA,NA,"5.771677e-05",NA,NA,NA,NA,NA,NA,NA,NA,NA,"other"
"hemiteles",NA,NA,NA,NA,NA,"-7.673536e-05",NA,NA,NA,NA,NA,NA,"other"
"hemsleyi",NA,NA,NA,NA,NA,NA,NA,NA,NA,NA,NA,NA,"other"
"heterochroa",NA,NA,NA,NA,NA,NA,NA,NA,NA,NA,NA,NA,"meso-endemic"
"heteroclita",NA,NA,NA,NA,NA,NA,"-0.0002464093",NA,NA,NA,NA,NA,"other"
"hexaneura",NA,NA,NA,NA,NA,NA,NA,NA,NA,NA,NA,NA,"meso-endemic"
"hilliana",NA,NA,NA,NA,NA,NA,NA,NA,NA,NA,NA,NA,"other"
"holosericea",NA,NA,NA,NA,NA,NA,NA,NA,NA,NA,NA,NA,"other"
"hopperiana",NA,NA,NA,NA,NA,NA,NA,NA,NA,NA,NA,NA,"neo-endemic"
"howittii",NA,NA,NA,NA,NA,NA,NA,NA,NA,NA,NA,NA,"other"
"huegelii",NA,NA,NA,NA,NA,NA,NA,NA,NA,NA,NA,NA,"other"
"hylonoma",NA,NA,NA,NA,NA,NA,NA,NA,NA,NA,NA,NA,"paleo-endemic"
"hypermeces",NA,NA,NA,NA,NA,NA,NA,NA,NA,NA,NA,NA,"meso-endemic"
"hystrix",NA,NA,NA,NA,NA,NA,NA,NA,NA,NA,NA,NA,"other"
"imbricata",NA,NA,NA,NA,NA,NA,NA,NA,NA,NA,NA,NA,"meso-endemic"
"implexa",NA,NA,NA,NA,"8.020368e-05",NA,NA,NA,NA,NA,NA,NA,"other"
"inaequilatera",NA,"7.607677e-05",NA,NA,NA,NA,NA,NA,NA,NA,NA,NA,"other"
"inceana",NA,NA,NA,NA,NA,NA,NA,NA,NA,NA,NA,NA,"other"
"incrassata",NA,NA,NA,NA,NA,NA,NA,NA,NA,NA,NA,NA,"paleo-endemic"
"ingramii",NA,NA,NA,NA,NA,NA,NA,NA,NA,NA,NA,NA,"meso-endemic"
"irrorata",NA,NA,NA,NA,"-9.416781e-05",NA,NA,NA,NA,NA,NA,NA,"other"
"iteaphylla",NA,NA,"0.0002945845",NA,NA,NA,NA,NA,NA,NA,NA,NA,"other"
"ixiophylla",NA,NA,NA,NA,NA,NA,NA,NA,NA,NA,NA,NA,"other"
"ixodes",NA,NA,NA,NA,NA,NA,NA,NA,NA,NA,NA,NA,"other"
"jacksonioides",NA,NA,NA,NA,NA,"0.003802532",NA,NA,NA,NA,NA,NA,"other"
"jamesiana",NA,NA,NA,NA,NA,NA,NA,NA,NA,NA,NA,NA,"other"
"jennerae",NA,NA,NA,NA,NA,NA,NA,NA,NA,"4.835874e-05",NA,NA,"other"
"jensenii",NA,NA,NA,NA,NA,NA,NA,NA,NA,NA,NA,NA,"other"
"jibberdingensis",NA,NA,NA,NA,NA,NA,NA,"-0.0002717999",NA,NA,NA,NA,"other"
"jonesii",NA,NA,NA,NA,NA,NA,NA,NA,NA,NA,NA,NA,"neo-endemic"
"jucunda",NA,NA,NA,NA,NA,NA,NA,NA,NA,NA,NA,NA,"other"
"julifera",NA,NA,NA,NA,NA,NA,NA,NA,NA,NA,NA,NA,"other"
"karina",NA,NA,NA,NA,NA,NA,NA,"-0.002263078",NA,NA,NA,NA,"neo-endemic"
"kempeana",NA,"-2.581984e-05","-2.581984e-05",NA,NA,NA,NA,NA,NA,NA,NA,NA,"other"
"kybeanensis",NA,NA,NA,NA,NA,NA,NA,NA,NA,NA,NA,NA,"other"
"lamprocarpa",NA,NA,NA,NA,NA,NA,NA,NA,NA,NA,NA,NA,"other"
"lasiocalyx",NA,NA,NA,NA,NA,"0.0001303401","0.0001303401",NA,NA,NA,NA,NA,"other"
"latescens",NA,NA,NA,NA,NA,NA,NA,NA,NA,NA,NA,NA,"other"
"latipes",NA,NA,NA,NA,NA,"-0.0001643743",NA,NA,NA,NA,NA,NA,"other"
"latisepala",NA,NA,NA,NA,NA,NA,NA,NA,NA,NA,NA,NA,"meso-endemic"
"latzii",NA,NA,NA,NA,NA,NA,NA,NA,NA,NA,NA,NA,"neo-endemic"
"leiocalyx",NA,NA,NA,NA,"-2.645602e-05",NA,NA,NA,NA,NA,NA,NA,"other"
"leioderma",NA,NA,NA,NA,NA,NA,NA,NA,NA,NA,NA,NA,"other"
"leptocarpa",NA,NA,NA,NA,NA,NA,NA,NA,NA,NA,NA,NA,"other"
"leptoneura",NA,NA,NA,NA,NA,NA,NA,NA,NA,NA,NA,NA,"paleo-endemic"
"leucoclada",NA,NA,NA,NA,"-1.904778e-05",NA,NA,NA,NA,NA,NA,NA,"other"
"leucolobia",NA,NA,NA,NA,NA,NA,NA,NA,NA,NA,NA,NA,"other"
"ligulata","-3.937582e-06","-3.937582e-06","-3.937582e-06",NA,NA,"-3.937582e-06","-3.937582e-06",NA,NA,NA,NA,NA,"other"
"linearifolia",NA,NA,NA,NA,NA,NA,NA,NA,NA,NA,NA,NA,"other"
"lineata",NA,NA,NA,NA,NA,NA,NA,NA,NA,NA,NA,NA,"other"
"lineolata",NA,NA,NA,NA,NA,"0.0001116957","0.0001116957",NA,NA,NA,NA,NA,"other"
"linifolia",NA,NA,NA,NA,"-0.000294585",NA,NA,NA,NA,NA,NA,NA,"other"
"loderi",NA,NA,"-6.450838e-05",NA,NA,NA,NA,NA,NA,NA,NA,NA,"other"
"longifolia",NA,NA,NA,NA,"-2.67281e-05",NA,NA,NA,NA,NA,NA,NA,"other"
"longispicata",NA,NA,NA,NA,NA,NA,NA,NA,NA,NA,NA,NA,"other"
"longispinea",NA,NA,NA,"0.0004872784",NA,NA,NA,"0.0004872784",NA,NA,NA,NA,"other"
"longissima",NA,NA,NA,NA,NA,NA,NA,NA,NA,NA,NA,NA,"other"
"loroloba",NA,NA,NA,NA,NA,NA,NA,NA,NA,NA,NA,NA,"other"
"lycopodiifolia",NA,NA,NA,NA,NA,NA,NA,NA,NA,NA,NA,NA,"other"
"lysiphloia",NA,NA,NA,NA,NA,NA,NA,NA,NA,NA,NA,NA,"other"
"mabellae",NA,NA,NA,NA,"-0.0003952994",NA,NA,NA,NA,NA,NA,NA,"other"
"macdonnellensis",NA,"0.0002625019",NA,NA,NA,NA,NA,NA,NA,NA,NA,NA,"other"
"mackeyana",NA,NA,NA,NA,NA,"-0.0001420283",NA,NA,NA,NA,NA,NA,"other"
"macnuttiana",NA,NA,NA,NA,NA,NA,NA,NA,NA,NA,NA,NA,"neo-endemic"
"maconochieana",NA,NA,NA,NA,NA,NA,NA,NA,NA,NA,NA,NA,"other"
"macradenia",NA,NA,NA,NA,NA,NA,NA,NA,NA,NA,NA,NA,"other"
"maitlandii",NA,"0.000108514",NA,NA,NA,NA,NA,NA,NA,NA,NA,NA,"other"
"mangium",NA,NA,NA,NA,NA,NA,NA,NA,"-0.0004305041",NA,NA,NA,"other"
"maranoensis",NA,NA,NA,NA,NA,NA,NA,NA,NA,NA,NA,NA,"neo-endemic"
"marramamba",NA,NA,NA,NA,NA,NA,NA,NA,NA,NA,NA,NA,"other"
"masliniana",NA,NA,NA,"0.0001688894",NA,NA,NA,"0.0001688894",NA,NA,NA,NA,"other"
"mearnsii",NA,NA,NA,NA,NA,NA,NA,NA,NA,NA,NA,NA,"other"
"meisneri",NA,NA,NA,NA,NA,"-0.0007455607",NA,NA,NA,NA,NA,NA,"other"
"melanoxylon",NA,NA,NA,NA,NA,NA,NA,NA,NA,NA,NA,NA,"other"
"melleodora",NA,"8.260466e-06",NA,NA,NA,NA,NA,NA,NA,NA,NA,NA,"other"
"melvillei",NA,NA,NA,NA,NA,NA,NA,NA,NA,NA,NA,NA,"other"
"menzelii",NA,NA,NA,NA,NA,NA,NA,NA,NA,NA,NA,NA,"meso-endemic"
"microbotrya",NA,NA,NA,NA,NA,"-0.0001205412","-0.0001205412",NA,NA,NA,NA,NA,"other"
"microsperma",NA,NA,NA,NA,NA,NA,NA,NA,NA,NA,NA,NA,"other"
"midgleyi",NA,NA,NA,NA,NA,NA,NA,NA,NA,NA,NA,NA,"other"
"minyura",NA,"-9.320193e-05",NA,NA,NA,NA,NA,"-9.320193e-05",NA,NA,NA,NA,"other"
"mitchellii",NA,NA,NA,NA,NA,NA,NA,NA,NA,NA,NA,NA,"other"
"mollifolia",NA,NA,NA,NA,NA,NA,NA,NA,NA,NA,NA,NA,"other"
"montana",NA,NA,NA,NA,NA,NA,NA,NA,NA,NA,NA,NA,"other"
"monticola",NA,"6.070219e-05",NA,NA,NA,NA,NA,NA,NA,NA,NA,NA,"other"
"mountfordiae",NA,NA,NA,NA,NA,NA,NA,NA,NA,NA,NA,NA,"other"
"mucronata",NA,NA,NA,NA,NA,NA,NA,NA,NA,NA,NA,NA,"other"
"muelleriana",NA,NA,NA,NA,NA,NA,NA,NA,NA,NA,NA,NA,"other"
"multisiliqua",NA,NA,NA,NA,NA,NA,NA,NA,NA,NA,NA,NA,"other"
"multispicata",NA,NA,NA,NA,NA,"-7.603052e-05","-7.603052e-05",NA,NA,NA,NA,NA,"other"
"murrayana",NA,"-8.223474e-06",NA,"-8.223474e-06",NA,NA,NA,NA,NA,NA,NA,NA,"other"
"myrtifolia",NA,NA,NA,NA,"8.427592e-05",NA,"8.427592e-05",NA,NA,NA,NA,NA,"other"
"nanodealbata",NA,NA,NA,NA,NA,NA,NA,NA,NA,NA,NA,NA,"other"
"nematophylla",NA,NA,NA,NA,NA,NA,NA,NA,NA,NA,NA,NA,"other"
"neriifolia",NA,NA,NA,NA,NA,NA,NA,NA,NA,NA,NA,NA,"other"
"neurocarpa",NA,NA,NA,NA,NA,NA,NA,NA,NA,NA,NA,NA,"other"
"neurophylla",NA,NA,NA,NA,NA,NA,NA,NA,NA,"9.044556e-05",NA,NA,"other"
"nigricans",NA,NA,NA,NA,NA,NA,NA,NA,NA,NA,NA,NA,"neo-endemic"
"notabilis",NA,NA,"-7.287063e-05",NA,NA,NA,NA,NA,NA,NA,NA,NA,"other"
"nuperrima",NA,NA,NA,NA,NA,NA,NA,NA,NA,NA,NA,NA,"other"
"nyssophylla",NA,NA,NA,NA,NA,NA,NA,NA,NA,NA,NA,NA,"other"
"obliquinervia",NA,NA,NA,NA,NA,NA,NA,NA,NA,NA,NA,NA,"other"
"obtecta",NA,NA,NA,NA,NA,NA,NA,"0.00401345",NA,"0.00401345",NA,NA,"other"
"obtusata",NA,NA,NA,NA,NA,NA,NA,NA,NA,NA,NA,NA,"other"
"obtusifolia",NA,NA,NA,NA,NA,NA,NA,NA,NA,NA,NA,NA,"other"
"oldfieldii",NA,NA,NA,NA,NA,NA,NA,NA,NA,NA,NA,NA,"other"
"olgana",NA,NA,NA,NA,NA,NA,NA,NA,NA,NA,NA,NA,"other"
"olsenii",NA,NA,NA,NA,NA,NA,NA,NA,NA,NA,NA,NA,"neo-endemic"
"omalophylla",NA,NA,NA,NA,NA,NA,NA,NA,NA,NA,NA,NA,"other"
"oncinocarpa",NA,NA,NA,NA,NA,NA,NA,NA,NA,NA,NA,NA,"other"
"oncinophylla",NA,NA,NA,NA,NA,NA,NA,NA,NA,NA,NA,NA,"other"
"orites",NA,NA,NA,NA,NA,NA,NA,NA,NA,NA,NA,NA,"meso-endemic"
"orthocarpa",NA,NA,NA,NA,NA,NA,NA,NA,NA,NA,NA,NA,"other"
"oshanesii",NA,NA,NA,NA,NA,NA,NA,NA,NA,NA,NA,NA,"other"
"oswaldii",NA,"-4.895354e-06","-4.895354e-06",NA,NA,NA,NA,NA,NA,NA,NA,NA,"other"
"oxyclada",NA,NA,NA,NA,NA,NA,NA,NA,NA,NA,NA,NA,"neo-endemic"
"pachyacra",NA,NA,NA,NA,NA,NA,NA,NA,NA,NA,NA,NA,"other"
"pachycarpa",NA,NA,NA,NA,NA,NA,NA,NA,NA,NA,NA,"7.63648e-06","other"
"papyrocarpa",NA,NA,NA,NA,NA,NA,NA,NA,NA,NA,NA,NA,"other"
"paradoxa",NA,NA,NA,NA,NA,NA,NA,NA,NA,NA,NA,NA,"other"
"paraneura",NA,"-7.350071e-05",NA,NA,NA,NA,NA,NA,NA,NA,NA,NA,"other"
"parramattensis",NA,NA,NA,NA,NA,NA,NA,NA,NA,NA,NA,NA,"other"
"parvipinnula",NA,NA,NA,NA,"-0.0001366566",NA,NA,NA,NA,NA,NA,NA,"other"
"patagiata",NA,NA,NA,NA,NA,NA,"0.000122958",NA,NA,NA,NA,NA,"other"
"pedina",NA,NA,NA,NA,NA,NA,NA,NA,NA,NA,NA,NA,"neo-endemic"
"pedleyi",NA,NA,NA,NA,NA,NA,NA,NA,NA,NA,NA,NA,"neo-endemic"
"pellita",NA,NA,NA,NA,NA,NA,NA,NA,NA,NA,NA,NA,"other"
"pendula",NA,NA,NA,NA,NA,NA,NA,NA,NA,NA,NA,NA,"other"
"penninervis",NA,NA,NA,NA,NA,NA,NA,NA,NA,NA,NA,NA,"other"
"pentadenia",NA,NA,NA,NA,NA,NA,NA,NA,NA,NA,NA,NA,"other"
"perangusta",NA,NA,NA,NA,NA,NA,NA,NA,NA,NA,NA,NA,"neo-endemic"
"perryi",NA,NA,NA,NA,NA,NA,NA,NA,NA,NA,NA,NA,"other"
"petraea",NA,NA,NA,NA,NA,NA,NA,NA,NA,NA,NA,NA,"other"
"peuce",NA,NA,NA,NA,NA,NA,NA,NA,NA,NA,NA,NA,"other"
"phlebopetala",NA,NA,NA,NA,NA,NA,NA,NA,NA,NA,NA,NA,"meso-endemic"
"phlebophylla",NA,NA,NA,NA,NA,NA,NA,NA,NA,NA,NA,NA,"meso-endemic"
"pickardii",NA,NA,NA,NA,NA,NA,NA,NA,NA,NA,NA,NA,"meso-endemic"
"platycarpa",NA,NA,NA,NA,NA,NA,NA,NA,NA,NA,NA,NA,"other"
"plectocarpa",NA,NA,NA,NA,NA,NA,NA,NA,NA,NA,NA,NA,"other"
"podalyriifolia",NA,NA,NA,NA,NA,NA,NA,NA,NA,NA,NA,NA,"other"
"polybotrya",NA,NA,NA,NA,NA,NA,NA,NA,NA,NA,NA,NA,"other"
"porcata",NA,NA,NA,NA,NA,NA,NA,NA,NA,NA,NA,NA,"paleo-endemic"
"praelongata",NA,NA,NA,NA,NA,NA,NA,NA,NA,NA,NA,NA,"other"
"prainii",NA,NA,NA,"-6.591382e-05",NA,NA,NA,"-6.591382e-05",NA,NA,NA,NA,"other"
"pravifolia",NA,NA,"5.224732e-07",NA,NA,NA,NA,NA,NA,NA,NA,NA,"other"
"pravissima",NA,NA,NA,NA,NA,NA,NA,NA,NA,NA,NA,NA,"other"
"producta",NA,NA,NA,NA,NA,NA,NA,NA,NA,NA,NA,NA,"other"
"proiantha",NA,NA,NA,NA,NA,NA,NA,NA,NA,NA,NA,NA,"meso-endemic"
"prominens",NA,NA,NA,NA,"-0.0009040587",NA,NA,NA,NA,NA,NA,NA,"other"
"pruinocarpa",NA,NA,NA,NA,NA,NA,NA,NA,NA,NA,NA,NA,"other"
"pruinosa",NA,NA,NA,NA,NA,NA,NA,NA,NA,NA,NA,NA,"other"
"pterocaulon",NA,NA,NA,NA,NA,NA,NA,NA,NA,NA,NA,NA,"paleo-endemic"
"ptychophylla",NA,NA,NA,NA,NA,NA,NA,NA,NA,NA,NA,NA,"other"
"pubicosta",NA,NA,NA,NA,NA,NA,NA,NA,NA,NA,NA,NA,"paleo-endemic"
"pubifolia",NA,NA,NA,NA,NA,NA,NA,NA,NA,NA,NA,NA,"neo-endemic"
"pulchella",NA,NA,NA,NA,NA,"0.0006200654","0.0006200654",NA,NA,NA,NA,NA,"other"
"pustula",NA,NA,NA,NA,NA,NA,NA,NA,NA,NA,NA,NA,"other"
"pycnantha",NA,NA,"-4.717106e-05",NA,NA,NA,NA,NA,NA,NA,NA,NA,"other"
"pycnostachya",NA,NA,NA,NA,NA,NA,NA,NA,NA,NA,NA,NA,"meso-endemic"
"pygmaea",NA,NA,NA,NA,NA,NA,NA,NA,NA,NA,NA,NA,"paleo-endemic"
"pyrifolia",NA,NA,NA,NA,NA,NA,NA,NA,NA,NA,NA,NA,"other"
"ramulosa","-7.009963e-06",NA,"-7.009963e-06","-7.009963e-06",NA,NA,NA,"-7.009963e-06",NA,NA,NA,NA,"other"
"redolens",NA,NA,NA,NA,NA,NA,"0.0006421395",NA,NA,NA,NA,NA,"other"
"repanda",NA,NA,NA,NA,NA,NA,NA,NA,NA,NA,NA,NA,"neo-endemic"
"retinervis",NA,NA,NA,NA,NA,NA,NA,NA,NA,NA,NA,NA,"other"
"retinodes",NA,NA,NA,NA,NA,NA,NA,NA,NA,NA,NA,NA,"other"
"retivenea",NA,NA,NA,NA,NA,NA,NA,NA,NA,NA,NA,NA,"other"
"rhamphophylla",NA,NA,NA,NA,NA,NA,NA,NA,NA,NA,NA,NA,"meso-endemic"
"rhetinocarpa",NA,NA,NA,NA,NA,NA,NA,NA,NA,NA,NA,NA,"other"
"rhigiophylla",NA,NA,NA,"-0.000446098",NA,NA,NA,NA,NA,NA,NA,NA,"other"
"rhodophloia",NA,NA,NA,NA,NA,NA,NA,NA,NA,NA,NA,NA,"other"
"rigens",NA,NA,"1.336699e-05","1.336699e-05",NA,NA,NA,NA,NA,NA,NA,NA,"other"
"rivalis",NA,NA,"-0.0001619458",NA,NA,NA,NA,NA,NA,NA,NA,NA,"other"
"rostellifera",NA,NA,NA,NA,NA,NA,NA,NA,NA,NA,NA,NA,"other"
"rubida",NA,NA,NA,NA,"8.199186e-05",NA,NA,NA,NA,NA,NA,NA,"other"
"ryaniana",NA,NA,NA,NA,NA,NA,NA,NA,NA,NA,NA,NA,"meso-endemic"
"sabulosa",NA,NA,NA,NA,NA,NA,NA,NA,NA,NA,NA,NA,"other"
"saliciformis",NA,NA,NA,NA,"-0.0008195474",NA,NA,NA,NA,NA,NA,NA,"neo-endemic"
"salicina",NA,"-1.857257e-06",NA,NA,NA,NA,NA,NA,NA,NA,NA,NA,"other"
"saligna",NA,NA,NA,NA,NA,"5.945559e-05","5.945559e-05",NA,NA,NA,NA,NA,"other"
"saxatilis",NA,NA,NA,NA,NA,"0.001496284",NA,NA,NA,NA,NA,NA,"meso-endemic"
"schinoides",NA,NA,NA,NA,"-0.001035609",NA,NA,NA,NA,NA,NA,NA,"neo-endemic"
"scirpifolia",NA,NA,NA,NA,NA,NA,NA,NA,NA,NA,NA,NA,"other"
"sclerophylla",NA,NA,NA,NA,NA,NA,NA,NA,NA,NA,NA,NA,"other"
"semicircinalis",NA,NA,NA,NA,NA,"0.006325123",NA,NA,NA,NA,NA,NA,"paleo-endemic"
"semilunata",NA,NA,NA,NA,NA,NA,NA,NA,NA,NA,NA,NA,"other"
"semitrullata",NA,NA,NA,NA,NA,NA,NA,NA,NA,NA,NA,NA,"meso-endemic"
"sericoflora",NA,NA,NA,NA,NA,NA,NA,NA,NA,NA,NA,NA,"other"
"sericophylla",NA,"-7.455349e-06",NA,NA,NA,NA,NA,NA,NA,NA,NA,NA,"other"
"sessilispica",NA,NA,NA,NA,NA,NA,NA,NA,NA,NA,NA,NA,"other"
"shuttleworthii",NA,NA,NA,NA,NA,"0.0009941589",NA,NA,NA,NA,NA,NA,"other"
"sibilans",NA,NA,NA,NA,NA,NA,NA,NA,NA,NA,"-0.0003528151",NA,"other"
"sibina",NA,NA,NA,"-6.012703e-07",NA,NA,NA,"-6.012703e-07",NA,"-6.012703e-07",NA,NA,"other"
"siculiformis",NA,NA,NA,NA,NA,NA,NA,NA,NA,NA,NA,NA,"other"
"silvestris",NA,NA,NA,NA,NA,NA,NA,NA,NA,NA,NA,NA,"other"
"simsii",NA,NA,NA,NA,NA,NA,NA,NA,NA,NA,NA,NA,"other"
"simulans",NA,NA,NA,NA,NA,NA,"0.005267489",NA,NA,NA,NA,NA,"paleo-endemic"
"sparsiflora",NA,NA,NA,NA,NA,NA,NA,NA,NA,NA,NA,NA,"other"
"spathulifolia",NA,NA,NA,NA,NA,NA,NA,NA,NA,NA,NA,NA,"other"
"spectabilis",NA,NA,NA,NA,NA,NA,NA,NA,NA,NA,NA,NA,"other"
"spinescens",NA,NA,NA,NA,NA,NA,NA,NA,NA,NA,NA,NA,"other"
"spirorbis",NA,NA,NA,NA,NA,NA,NA,NA,NA,NA,NA,NA,"other"
"spongolitica",NA,NA,NA,NA,NA,NA,"-0.0008489079",NA,NA,NA,NA,NA,"neo-endemic"
"stanleyi",NA,NA,NA,NA,NA,NA,NA,NA,NA,NA,NA,NA,"neo-endemic"
"stenophylla",NA,NA,NA,NA,NA,NA,NA,NA,NA,NA,NA,NA,"other"
"stigmatophylla",NA,NA,NA,NA,NA,NA,NA,NA,NA,NA,NA,NA,"other"
"stipuligera",NA,NA,NA,NA,NA,NA,NA,NA,NA,NA,NA,NA,"other"
"storyi",NA,NA,NA,NA,NA,NA,NA,NA,NA,NA,NA,NA,"meso-endemic"
"stowardii",NA,NA,NA,NA,NA,NA,NA,NA,NA,NA,NA,NA,"other"
"striatifolia",NA,NA,NA,NA,NA,NA,NA,NA,NA,NA,NA,NA,"other"
"strongylophylla",NA,"0.0001889108",NA,NA,NA,NA,NA,NA,NA,NA,NA,NA,"other"
"suaveolens",NA,NA,NA,NA,"7.204318e-05",NA,NA,NA,NA,NA,NA,NA,"other"
"subrigida",NA,NA,NA,NA,NA,NA,NA,NA,NA,NA,NA,NA,"meso-endemic"
"subsessilis",NA,NA,NA,"-0.0004554402",NA,NA,NA,NA,NA,NA,NA,NA,"meso-endemic"
"subtessarogona",NA,NA,NA,NA,NA,NA,NA,NA,NA,NA,NA,NA,"other"
"subulata",NA,NA,NA,NA,NA,NA,NA,NA,NA,NA,NA,NA,"other"
"sulcaticaulis",NA,NA,NA,NA,NA,NA,NA,"-0.002114761",NA,NA,NA,NA,"neo-endemic"
"synchronicia",NA,NA,NA,NA,NA,NA,NA,NA,NA,NA,NA,NA,"other"
"tarculensis",NA,NA,NA,NA,NA,NA,NA,NA,NA,NA,NA,NA,"other"
"telmica",NA,NA,NA,NA,NA,NA,NA,NA,NA,NA,NA,NA,"meso-endemic"
"tenuinervis",NA,NA,NA,NA,NA,NA,NA,NA,NA,NA,NA,NA,"neo-endemic"
"tenuispica",NA,NA,NA,NA,NA,NA,NA,NA,NA,NA,NA,NA,"other"
"tenuissima",NA,NA,NA,NA,NA,NA,NA,NA,NA,NA,NA,NA,"other"
"tephrina",NA,NA,NA,NA,NA,NA,NA,NA,NA,NA,NA,NA,"other"
"terminalis",NA,NA,NA,NA,"0.0003249185",NA,NA,NA,NA,NA,NA,NA,"other"
"tessellata",NA,NA,NA,NA,NA,NA,NA,NA,NA,NA,NA,NA,"neo-endemic"
"tetragonophylla","1.733523e-05","1.733523e-05","1.733523e-05","1.733523e-05",NA,NA,NA,"1.733523e-05",NA,NA,NA,NA,"other"
"thomsonii",NA,NA,NA,NA,NA,NA,NA,NA,NA,NA,NA,NA,"other"
"tindaleae",NA,NA,NA,NA,NA,NA,NA,NA,NA,NA,NA,NA,"other"
"torulosa",NA,NA,NA,NA,NA,NA,NA,NA,NA,NA,NA,NA,"other"
"trachycarpa",NA,NA,NA,NA,NA,NA,NA,NA,NA,NA,NA,NA,"other"
"trachyphloia",NA,NA,NA,NA,NA,NA,NA,NA,NA,NA,NA,NA,"neo-endemic"
"translucens",NA,NA,NA,NA,NA,NA,NA,NA,NA,NA,NA,NA,"other"
"triptera",NA,NA,NA,NA,NA,NA,NA,NA,NA,NA,NA,NA,"other"
"triquetra",NA,NA,NA,NA,NA,NA,NA,NA,NA,NA,NA,NA,"other"
"tropica",NA,NA,NA,NA,NA,NA,NA,NA,NA,NA,NA,NA,"other"
"tumida",NA,NA,NA,NA,NA,NA,NA,NA,NA,NA,NA,"1.924444e-05","other"
"tysonii",NA,NA,NA,"-0.0001256214",NA,NA,NA,"-0.0001256214",NA,NA,NA,NA,"other"
"umbellata",NA,NA,NA,NA,NA,NA,NA,NA,NA,NA,NA,NA,"other"
"umbraculiformis",NA,NA,NA,"-0.0003477149",NA,NA,NA,"-0.0003477149",NA,NA,NA,NA,"other"
"uncinata",NA,NA,NA,NA,NA,NA,NA,NA,NA,NA,NA,NA,"other"
"undoolyana",NA,NA,NA,NA,NA,NA,NA,NA,NA,NA,NA,NA,"neo-endemic"
"validinervia",NA,"0.000375695",NA,NA,NA,NA,NA,NA,NA,NA,NA,NA,"other"
"venulosa",NA,NA,NA,NA,NA,NA,NA,NA,NA,NA,NA,NA,"other"
"verniciflua",NA,NA,NA,NA,NA,NA,NA,NA,NA,NA,NA,NA,"other"
"verricula",NA,NA,NA,NA,NA,NA,"8.095097e-05",NA,NA,NA,NA,NA,"other"
"vestita",NA,NA,NA,NA,NA,NA,NA,NA,NA,NA,NA,NA,"other"
"victoriae",NA,"2.762068e-05","2.762068e-05","2.762068e-05",NA,NA,NA,"2.762068e-05",NA,NA,NA,NA,"other"
"viscidula",NA,NA,NA,NA,NA,NA,NA,NA,NA,NA,NA,NA,"other"
"wanyu",NA,NA,NA,NA,NA,NA,NA,NA,NA,NA,NA,NA,"other"
"wattsiana",NA,NA,NA,NA,NA,NA,NA,NA,NA,NA,NA,NA,"other"
"wilhelmiana",NA,NA,"-3.014039e-05",NA,NA,NA,NA,NA,NA,NA,NA,NA,"other"
"woodmaniorum",NA,NA,NA,"0.001990388",NA,NA,NA,"0.001990388",NA,NA,NA,NA,"meso-endemic"
"xanthina",NA,NA,NA,NA,NA,NA,NA,NA,NA,NA,NA,NA,"neo-endemic"
"xiphophylla",NA,NA,NA,NA,NA,NA,NA,NA,NA,NA,NA,NA,"other"
"yirrkallensis",NA,NA,NA,NA,NA,NA,NA,NA,NA,NA,NA,NA,"other"
